family	protein	annotation	length	n_domains	best_domain_score	best_i_evalue	domain_cys	n_tm	signal_peptide	draft_member	review_class
PF01185 Hydrophobin	KAK9636436.1	KAK9636436.1 hypothetical protein HCH54_009730 [Aspergillus fumigatus]	190	1	27.0	3.1e-06	8	0	called	no	
PF01185 Hydrophobin	KAK9641117.1	KAK9641117.1 hypothetical protein HCH54_008865 [Aspergillus fumigatus]	100	1	53.9	1.2e-14	8	0	called	no	
PF01185 Hydrophobin	KAK9641211.1	KAK9641211.1 hypothetical protein HCH54_008964 [Aspergillus fumigatus]	151	1	38.1	1.1e-09	8	0	called	no	
PF01185 Hydrophobin	KAK9642370.1	KAK9642370.1 hypothetical protein HCH54_007800 [Aspergillus fumigatus]	159	1	42.3	5.1e-11	8	0	called	no	
PF01185 Hydrophobin	KAK9652157.1	KAK9652157.1 hypothetical protein HCH54_002120 [Aspergillus fumigatus]	125	1	28.1	1.4e-06	8	0	called	no	
PF01185 Hydrophobin	KAK9656956.1	KAK9656956.1 hypothetical protein HCH54_001613 [Aspergillus fumigatus]	140	1	44.4	1.2e-11	8	0	called	no	
PF04681 Bys1	KAK9636572.1	KAK9636572.1 hypothetical protein HCH54_009863 [Aspergillus fumigatus]	156	1	217.4	4.3e-65	5	0	called	no	
PF04681 Bys1	KAK9640771.1	KAK9640771.1 hypothetical protein HCH54_008530 [Aspergillus fumigatus]	167	1	76.5	1.2e-21	4	0	called	no	
PF04681 Bys1	KAK9649054.1	KAK9649054.1 hypothetical protein HCH54_003470 [Aspergillus fumigatus]	200	1	83.6	7.7e-24	4	0	called	no	
PF04681 Bys1	KAK9649903.1	KAK9649903.1 hypothetical protein HCH54_004299 [Aspergillus fumigatus]	177	1	80.0	1e-22	5	0	called	no	
PF04681 Bys1	KAK9653124.1	KAK9653124.1 hypothetical protein HCH54_003059 [Aspergillus fumigatus]	177	1	160.9	1.1e-47	2	0	called	no	
PF05730 CFEM	KAK9636691.1	KAK9636691.1 hypothetical protein HCH54_009978 [Aspergillus fumigatus]	431	1	34.9	6.7e-09	8	7	called	no	
PF05730 CFEM	KAK9642401.1	KAK9642401.1 hypothetical protein HCH54_007832 [Aspergillus fumigatus]	344	1	24.0	1.7e-05	8	1	not_called	no	
PF05730 CFEM	KAK9646163.1	KAK9646163.1 hypothetical protein HCH54_004917 [Aspergillus fumigatus]	273	1	49.6	1.8e-13	8	0	called	no	
PF05730 CFEM	KAK9646171.1	KAK9646171.1 hypothetical protein HCH54_004926 [Aspergillus fumigatus]	191	1	57.5	5.8e-16	8	0	called	no	
PF05730 CFEM	KAK9646649.1	KAK9646649.1 hypothetical protein HCH54_005382 [Aspergillus fumigatus]	202	1	58.0	4.2e-16	8	0	called	no	
PF05730 CFEM	KAK9647047.1	KAK9647047.1 hypothetical protein HCH54_005770 [Aspergillus fumigatus]	189	1	50.8	7.2e-14	9	0	called	no	
PF05730 CFEM	KAK9650261.1	KAK9650261.1 hypothetical protein HCH54_004649 [Aspergillus fumigatus]	764	1	26.9	2.2e-06	7	0	called	no	
PF07691 PA14	KAK9638745.1	KAK9638745.1 hypothetical protein HCH54_009595 [Aspergillus fumigatus]	590	1	58.2	4.5e-16	0	0	not_called	no	
PF07691 PA14	KAK9642122.1	KAK9642122.1 hypothetical protein HCH54_007565 [Aspergillus fumigatus]	838	1	72.0	2.5e-20	0	0	not_called	no	
PF07691 PA14	KAK9646123.1	KAK9646123.1 hypothetical protein HCH54_004878 [Aspergillus fumigatus]	829	1	59.9	1.4e-16	0	0	not_called	no	
PF07691 PA14	KAK9646388.1	KAK9646388.1 hypothetical protein HCH54_005138 [Aspergillus fumigatus]	865	1	70.0	1.1e-19	0	0	not_called	no	
PF07691 PA14	KAK9649030.1	KAK9649030.1 hypothetical protein HCH54_003445 [Aspergillus fumigatus]	860	1	44.0	1.1e-11	0	0	not_called	no	
PF25312 Allergen_Asp_f_4	KAK9649075.1	KAK9649075.1 hypothetical protein HCH54_003492 [Aspergillus fumigatus]	357	1	270.5	2.9e-81	3	0	called	no	
PF25312 Allergen_Asp_f_4	KAK9649301.1	KAK9649301.1 hypothetical protein HCH54_003723 [Aspergillus fumigatus]	264	1	258.2	1.8e-77	2	0	called	no	
PF25312 Allergen_Asp_f_4	KAK9653048.1	KAK9653048.1 hypothetical protein HCH54_002990 [Aspergillus fumigatus]	322	1	254.0	3.4e-76	3	0	not_called	no	
PF28987 DewD	KAK9656839.1	KAK9656839.1 hypothetical protein HCH54_001498 [Aspergillus fumigatus]	104	1	79.6	8.8e-23	8	0	called	no	
