row	symbol	pmid	verdict	your_label	text_source	notes
2	CDA2	22354955	confirmed	P-ext	full_text	"Quote verbatim in Europe PMC XML PMC3280450 (re-fetched). KN99 stated (""wild-type serotype A strain KN99""), H99-congenic. GOA already has IDA PM, wall, extracellular for this gene; row adds a PMID and quote, no new label term."
3	CDA2	22354955	confirmed	P-ext	full_text	Quote verbatim (PMC3280450). KN99. beta-1,3-glucanase wall release with cda2 deletion control. IDA right.
4	CDA2	22354955	confirmed	P-ext	full_text	Quote verbatim (PMC3280450). KN99. Cytosol signal attributed to shearing by the authors; no cytosol row is right.
5	CDA1	30459196	confirmed	P-ext	full_text	"Quote verbatim (PMC6247093). Text: ""We fractionated independently isolated strains of mutated Cda1 present in the KN99 background"". GO:0016020 is faithful (M lane not split into PM vs internal). LABEL NOTE: this row adds only GO:0016020, which is in ANY_SECRETORY but not SECRETORY or SURFACE. With H99 GOA merged, CDA1 is P-ext under non_iea only through ISS wall/extracellular terms (homology); under no_homology and experimental it is unlabelled. GOA also has EXP plasma membrane from this same PMID. expected_label P-ext matches the default label, so no conflict row, but CDA1 is not a direct (homology_only=no) P-ext gene."
6	CDA1	40424315	strain_unstated	P-ext	full_text	"Quote verbatim (PMC12113280). PMID 40424315 exists: Mota et al. 2025 eLife, N-glycan-dependent ERQC; Cda1 blot is Fig. 7G. The WT strain of the blot is not named; the paper builds all deletions in ""the C. neoformans serotype A strain H99"" and uses WT as comparator throughout, so H99 is probable but not stated for this blot. Insoluble fraction = wall plus membrane, not separated; GO:0016020 is right. Same label note as row 5 (no direct surface term)."
7	QSP1	27212659	confirmed	P-ext	full_text	"Europe PMC XML not available; re-fetched PMC HTML page; quote verbatim. Methods: strains ""derived from the KN99alpha wild-type since that isolate is more closely related to the H99 clinical isolate"". GOA already has EXP extracellular from this PMID."
8	PQP1	27212659	confirmed	P-ext	full_text	"Quote verbatim (PMC HTML). The quote does not name Pqp1; the next sentence (""A small amount of residual cleavage (10%-20% of wild-type) was found in pqp1delta mutant cells"") supports attribution to Pqp1. GO:0009986 (cell surface) has no ancestor in any labels.py set, so this row changes no label. Gene P-ext comes from GOA EXP extracellular (same PMID), which is non-homology, so PQP1 is still a direct P-ext gene."
9	PLB1	17947228	confirmed	P-ext	abstract	Abstract re-fetched from Europe PMC; quote verbatim; H99 in the quote. No PMC copy exists (checked: pmcid null).
10	PLB1	16524904	confirmed	P-ext	full_text	"Re-fetched PMC HTML (Europe PMC XML not available); quote verbatim. H99 stated (""A highly virulent, high PLB1-producing strain (H99)""; ""Cryptococcal membranes from H99 (wild type)""). PM is the authors inference from raft fractions plus MbetaCD release; GOA has EXP PM from this PMID. selected_by_predictor: ""unknown"" should be ""no"" (PLB1 studied as a known secreted virulence factor; no predictor-based selection in the text). Not a rejection."
11	PLB1	25227465	confirmed	P-ext	full_text	Quote verbatim (PMC4172073). H99 stated in Methods.
12	PLB1	25227465	confirmed	P-ext	full_text	Quote verbatim (PMC4172073). Same experiment as row 11, FM 4-64 co-stain. H99.
13	LAC1	17101662	confirmed	P-ext	full_text	"Re-fetched PMC HTML; quote verbatim. H99 lac1delta ura5 recipient; GFP inserted after Thr-41 under the native LAC1 promoter (episomal). Observation (not about this row): PMID 16524904 (H99) reports laccase in the cytosol fraction and ""neither raft nor membrane associated"". GOA has no LAC1 cytosol row, so the label is unaffected; a future cytosol row would make LAC1 ambiguous."
14	LAC1	11500433	confirmed	P-ext	full_text	"Re-fetched PMC HTML; quote verbatim; H99 and B-3501 named in the quote. The mAb is ""to the C. neoformans laccase""; in 2001 only CNLAC1 was known (LAC2 described 2005), so cross-reaction with Lac2 is not excluded by the text. Mapping to LAC1 is by the paper context, not by an ID."
15	APH1	25227465	confirmed	P-ext	full_text	"Quote verbatim (PMC4172073) incl. ""C. neoformans, H99"". HDA right (secretome MS). selected_by_predictor yes accepted: ""Only one of these enzymes, Aph1, is predicted to be secreted and was identified in our proteomic analysis"". Note: the only surface evidence of APH1 is this HDA row, so APH1 is surface_evidence_htp_only."
16	APH1	25227465	confirmed	P-ext	full_text	Quote verbatim. Vacuole GO:0005773 is in SECRETORY (labels.py), not INTERNAL, so P-ext with row 15. H99.
17	CNAG_05312	26453029	confirmed	P-ext	full_text	Quote verbatim (PMC4600298). H99 stated. HDA right. GOA-only label is unlabelled; this row creates the P-ext label (HDA only: htp-only surface).
18	cnap1	27977806	confirmed	P-ext	full_text	"Quote verbatim (Fig. legend, PMC5158083). ""derived from strain H99"" present. CNAG_05872 present in text; J9VS02 ORF CNAG_05872. selected_by_predictor yes accepted."
19	CRZ1	23251520	confirmed	N-int	full_text	"Quote verbatim (PMC3520850). ""created from H99"" present. GOA already N-int."
20	SOD2	33567338	confirmed	N-int	full_text	"Quote verbatim (PMC7961099). IDA right (fractionation with GAPDH and MTCO1 markers). Strain: ""the original C. neoformans H99 clinically isolated strain ... the original stud strain"" and ""the current studies presented here used the fully virulent stud strain"": I accept this as a statement of H99 (as in pass 1). Note: Fig. 6A uses the SOD2C strain (sod2delta complemented with WT SOD2 at the safe haven locus), not the native locus. GOA already N-int."
21	SOD2	33567338	confirmed	N-int	full_text	Quote verbatim. Same strain notes as row 20 (SOD2C, stud=H99). Cytosolic isoform under Cu limitation.
22	SOD1	33567338	wrong_label	N-sec	full_text	Quote verbatim; cytosol IDA and strain are fine as a row. expected_label N-int is wrong under the parent rule: H99 GOA already has SOD1 GO:0005886 plasma membrane EXP and GO:0044853 plasma membrane raft IDA (both PMID 16524904), plus IDA cytoplasm and mitochondrion (33567338). PM is in SECRETORY/ANY_SECRETORY, so classify() gives N-sec under non_iea, no_homology and experimental, with or without this row. GO-only label is already N-sec. The row will go to curated_conflicts.tsv as written. Correct expected_label: N-sec (or drop SOD1 as a negative).
23	CIG1	26453029	confirmed	P-ext	full_text	"Quote verbatim (PMC4600298). H99 stated in Methods. The paper tables list ""CNAG_01653 Cytokine-inducing glycoprotein"" and Fig. legends ""Cig1 (CNAG_01653)""; J9VUB8 GN=CNAG_01653. HDA right. After rejecting row 24, CIG1 surface evidence is HDA only (htp-only)."
24	CIG1	41313167	claim_not_supported	P-ext	full_text	"PMID exists: Avina et al. 2026 Infect Immun, Cig1/Fbp1 vaccine (PMC12797982); quote verbatim. Not usable as direct PM evidence: (a) C-terminal mCherry fusion (""C-terminus mCherry-tagged CIG1"") of a protein the authors call GPI-anchored; GPI attachment cleaves the C-terminal signal, so the mCherry signal need not report the location of mature Cig1; (b) overexpressed from the ACT1 promoter, while ""In the wild-type parental strain H99, Cig1 is lowly expressed""; (c) no membrane marker or dye named; (d) imaged strain is ""a C. neoformans strain expressing Fbp1:FLAG"", background not named in that sentence (CUX1454 = PACT1-CIG1:mCherry in H99 is named elsewhere). Dropping the row does not change the CIG1 label (P-ext via row 23) but removes CIG1 from is_pm_candidate (D8 triage input)."
25	BIM1	31932719	strain_unstated	P-ext	full_text	"Quote verbatim (PMC7036007). Accession given in paper: ""CNAG_02775, Uniprot ID J9VHN6"". The tagged strains are bim1delta complemented with Bim1-HA (DTY1005); bim1delta is DTY1000. Parent of DTY1000 is not named (strain table is Supplementary Dataset 1, not read). Supporting text: ""a series of isogenic single or combined mutants were generated"" with WT ""wild-type H99 (DTY758)"" in the same figures. H99 is probable, not stated. Fractionation with H3 and Cda2 controls; IDA right."
26	BIM1	31932719	strain_unstated	P-ext	full_text	As row 25. Release by lytic enzymes; IF also shows surface association.
27	BIM1	31932719	strain_unstated	P-ext	full_text	As row 25. Only partial fractionation into supernatant; the GPI-less form is mainly in supernatant. Wall row already makes the gene P-ext.
28	CEL1	37099613	confirmed	P-ext	full_text	"Quote verbatim (PMC10166503). ""All strains were generated in the C. neoformans var. grubii H99 background."" Zymolyase release with H3 and Sec63-GFP controls; IDA right. UniProt REST: J9VH79 ORF CNAG_00601, citing this PMID (accession verified by ID)."
29	UGG1	40424315	confirmed	N-sec	full_text	"Quote verbatim (PMC12113280). GFP-Ugg1 plasmid was ""biolistically transformed by integration into the CNAG_03648 locus of the ugg1delta strain""; ugg1delta was made in ""serotype A strain H99"". So H99 background follows from two stated sentences. GO:0005783 ER has ancestor GO:0012505 (endomembrane, SECRETORY). GOA has only IEA ER terms. N-sec right under all three policies."
30	MNS1	40424315	strain_unstated	N-sec	full_text	"Quote verbatim. Mns1-GFP was ""integrated into the CNAG_02081 and CNAG_03240 locus of the WT strain""; WT not named H99 in that sentence (paper uses H99 for all deletions). ER -> N-sec right; GOA has IEA ER and IEA membrane only."
31	MNS101	40424315	strain_unstated	N-sec	full_text	As row 30 (CNAG_03240). N-sec right.
32	NOP1	42085564	confirmed	N-int	full_text	PMID exists (Choi, Bahn, Heitman 2026 Genetics; PMC13220255). Europe PMC XML not available; re-fetched NCBI efetch XML and PMC HTML; quote verbatim. Strain: Nop1-mCherry (SH:PH3-NOP1-mCherry, YSB11829) in the H99alpha background. Overexpressed from the H3 promoter at the safe haven; DAPI co-stain. Accession by protein name: J9VR32 is the only fibrillarin in UP000010091, and GOA already has IDA nucleus on J9VR32 (PMID 24520056). Keep. GOA already N-int; row adds nucleolus only.
33	VCX1	42085564	claim_not_supported	N-sec	full_text	Quote verbatim, but it reports vacuole morphology under osmotic conditions, using Vcx1-mCherry as an assumed marker; no sentence states that Vcx1 localisation was tested (no vacuole dye co-stain in the text). Drop. Label unaffected: GOA has VCX1 GO:0005774 vacuolar membrane IDA (PMID 20889719, Kmetzsch 2010), so VCX1 is N-sec from GO alone. J9VDQ4 ORF CNAG_00025 per UniProt REST, which cites 20889719.
