row	symbol	go_term	pmid	origin	text_file	quote_machine_check
2	CDA2	GO:0005886	22354955	carried	PMC3280450.txt	pass
3	CDA2	GO:0005618	22354955	carried	PMC3280450.txt	pass
4	CDA2	GO:0005576	22354955	carried	PMC3280450.txt	pass
5	CDA1	GO:0016020	30459196	corrected	PMC6247093.txt	pass
6	CDA1	GO:0016020	40424315	new	PMC12113280.txt	pass
7	QSP1	GO:0005576	27212659	carried	PMC5186401.txt	pass
8	PQP1	GO:0009986	27212659	carried	PMC5186401.txt	pass
9	PLB1	GO:0005618	17947228	carried	PMID17947228_abstract.txt	pass
10	PLB1	GO:0005886	16524904	carried; strain resolved	PMC1398056.txt	pass
11	PLB1	GO:0005618	25227465	carried; strain fixed	PMC4172073.txt	pass
12	PLB1	GO:0005886	25227465	carried; strain fixed	PMC4172073.txt	pass
13	LAC1	GO:0005618	17101662	carried; strain resolved	PMC1828480.txt	pass
14	LAC1	GO:0005618	11500433	new	PMC98673.txt	pass
15	APH1	GO:0005576	25227465	corrected	PMC4172073.txt	pass
16	APH1	GO:0005773	25227465	corrected	PMC4172073.txt	pass
17	CNAG_05312	GO:0005576	26453029	carried; strain fixed	PMC4600298.txt	pass
18	cnap1	GO:0005576	27977806	corrected	PMC5158083.txt	pass
19	CRZ1	GO:0005634	23251520	carried; strain fixed	PMC3520850.txt	pass
20	SOD2	GO:0005739	33567338	corrected: quote changed from abstract to full-text sentence, code IDA	PMC7961099.txt	pass
21	SOD2	GO:0005829	33567338	corrected: quote changed from abstract to full-text sentence, code IDA	PMC7961099.txt	pass
22	SOD1	GO:0005829	33567338	new	PMC7961099.txt	pass
23	CIG1	GO:0005576	26453029	new	PMC4600298.txt	pass
24	CIG1	GO:0005886	41313167	new	PMC12797982.txt	pass
25	BIM1	GO:0005886	31932719	new	PMC7036007.txt	pass
26	BIM1	GO:0005618	31932719	new	PMC7036007.txt	pass
27	BIM1	GO:0005576	31932719	new	PMC7036007.txt	pass
28	CEL1	GO:0005618	37099613	new	PMC10166503.txt	pass
29	UGG1	GO:0005783	40424315	new	PMC12113280.txt	pass
30	MNS1	GO:0005783	40424315	new	PMC12113280.txt	pass
31	MNS101	GO:0005783	40424315	new	PMC12113280.txt	pass
32	NOP1	GO:0005730	42085564	new	PMC13220255.txt	pass
33	VCX1	GO:0005773	42085564	new	PMC13220255.txt	pass
