proteome	proteins	signal peptide (R0)	cell wall adhesion candidate	surface, no mechanism evidence	not surface (no signal peptide)	tandem repeat evidence	wall family domain (active families)	allergen similarity (35%, 80 aa)	allergen homolog (70%, 80% cov)	serodiagnostic marker candidate	antigen rank top 15% (C. immitis RS only)
Afum_Af293_UniProt	9647	753	8	745	8879	23	0	104	41 (9606 n/a)	0 (753 n/a)	0 (9647 n/a)
Afum_A1163	9942	751	6	745	9171	26	0	104	39 (9903 n/a)	0 (751 n/a)	0 (9942 n/a)
Afum_W72310	10556	783	9	774	9758	24	0	115	43 (10513 n/a)	0 (783 n/a)	0 (10556 n/a)
Afum_Af293_Fungi5k	9161	694	8	686	8455	20	0	105	41 (9120 n/a)	0 (694 n/a)	0 (9161 n/a)
Scer_S288C	6722	310 (8 n/a)	13 (8 n/a)	297 (8 n/a)	6392 (8 n/a)	25 (8 n/a)	4 (8 n/a)	84 (8 n/a)	15 (6707 n/a)	0 (318 n/a)	0 (6722 n/a)
Scer_S288C_nodubious	6039	296 (8 n/a)	13 (8 n/a)	283 (8 n/a)	5729 (8 n/a)	19 (8 n/a)	4 (8 n/a)	84 (8 n/a)	15 (6024 n/a)	0 (304 n/a)	0 (6039 n/a)
Calb_SC5314	6212	367	15	352	5838	22	0	64	13 (6199 n/a)	0 (367 n/a)	0 (6212 n/a)
Cimm_RS	9910	460	7	316	8208	27	0	84	16 (9894 n/a)	143 (11 n/a)	1376 (771 n/a)
Bder_ER3	8107	366	8	358	7730	19	0	69	14 (8093 n/a)	0 (366 n/a)	0 (8107 n/a)
