species	ref	strain	ref_bp	cov_bp	mean_depth	frac	missing_Mb
immitis	CiB10637	1M0	28092240.0	26624877.0	0.9896409115115063	0.9477662514630375	1.467363
immitis	CiB10637	21SD	28092240.0	26859720.0	1.0057660051316664	0.9561259621874226	1.23252
immitis	CiB10637	3M3	28092240.0	26861289.878399998	0.9931685339438934	0.9561818451785973	1.230950121600002
immitis	CiB10637	485B-1_L_OLD_CPA0023	28092240.0	25565889.1227	1.001917185030457	0.9100694399129439	2.526350877300002
immitis	CiB10637	4M3	28092240.0	26841036.8484	0.9939050393987806	0.9554608976856243	1.2512031515999995
immitis	CiB10637	4SD	28092240.0	26396316.8611	0.9715228396169191	0.9396301918643725	1.6959231389000007
immitis	CiB10637	5SD	28092240.0	26896197.0	1.0008336821841193	0.9574244346481449	1.196043
immitis	CiB10637	A391	28092240.0	27155407.5603	0.9692300072902695	0.966651557878617	0.9368324397
immitis	CiB10637	A432	28092240.0	27151255.015499998	0.9697380992046203	0.9665037396626256	0.9409849845000021
immitis	CiB10637	A502-1	28092240.0	27159039.0614	0.9705973614421635	0.9667808284921388	0.9332009386
immitis	CiB10637	A502-2	28092240.0	27084982.7493	0.9653846574356477	0.9641446445459672	1.0072572507000006
immitis	CiB10637	B0727_Argentina	28092240.0	26878816.019500002	0.984697004154884	0.9568057235556866	1.2134239804999978
immitis	CiB10637	B11002	28092240.0	26796756.3965	0.9904877256851001	0.9538846455996388	1.295483603500001
immitis	CiB10637	B11019	28092240.0	27122044.106	0.9715860566476721	0.9654639183632205	0.9701958940000013
immitis	CiB10637	B11034	28092240.0	27033884.091	0.9632707563725784	0.9623256846374657	1.0583559090000019
immitis	CiB10637	B11035	28092240.0	26628191.7625	0.9663705089376996	0.9478842471266086	1.4640482375000008
immitis	CiB10637	B11057	28092240.0	27120616.0508	0.9906951938328877	0.9654130838551856	0.9716239492000006
immitis	CiB10637	B11080	28092240.0	26681189.17	0.9728909744470359	0.949770796846389	1.4110508299999982
immitis	CiB10637	B11198	28092240.0	26991760.165200002	0.9905144696186563	0.9608261984519569	1.1004798347999976
immitis	CiB10637	B11343	28092240.0	26930974.987999998	0.998469760617167	0.9586624273464842	1.1612650120000019
immitis	CiB10637	B11517	28092240.0	26760979.4622	0.9840533698985912	0.9526110933909151	1.331260537799999
immitis	CiB10637	B11518	28092240.0	27154395.2442	0.971509451471296	0.9666155224432085	0.9378447558000014
immitis	CiB10637	B11587	28092240.0	27125106.5088	0.9864141406310069	0.9655729307737653	0.9671334912
immitis	CiB10637	B11863	28092240.0	26739139.7404	0.9905845108115267	0.9518336643998485	1.3531002595999986
immitis	CiB10637	B11873	28092240.0	27120709.164	0.9772589361332523	0.9654163984075318	0.9715308359999992
immitis	CiB10637	B12219	28092240.0	27138967.0987	1.0060702718615533	0.9660663264552773	0.9532729012999982
immitis	CiB10637	B12220	28092240.0	26982122.0168	0.9715369059213506	0.9604831091005915	1.1101179831999988
immitis	CiB10637	B12398	28092240.0	27039855.022	0.963863243443741	0.9625382319815009	1.052384978
immitis	CiB10637	B12495	28092240.0	26392872.8193	0.9591125984257575	0.9395075942431077	1.6993671807000004
immitis	CiB10637	B12496	28092240.0	26386775.9754	0.953292369387418	0.9392905647751835	1.7054640245999992
immitis	CiB10637	B12526	28092240.0	27152902.0	0.9987548162766657	0.9665623674011043	0.939338
immitis	CiB10637	B13956	28092240.0	27137738.141599998	0.9666300134129568	0.9660225792460836	0.9545018584000021
immitis	CiB10637	B14131	28092240.0	26609487.774800003	0.9689807707751322	0.9472184409217635	1.4827522251999974
immitis	CiB10637	B14132	28092240.0	26692638.0	0.9684621091091348	0.9501783410650059	1.399602
immitis	CiB10637	B14133	28092240.0	26702323.044	0.9709777730789713	0.9505230997599337	1.3899169560000002
immitis	CiB10637	B14135	28092240.0	27064198.2272	0.9897353088254978	0.9634047775186315	1.0280417727999984
immitis	CiB10637	B14286	28092240.0	26559494.0	0.9842675414990047	0.9454388115721637	1.532746
immitis	CiB10637	B14288	28092240.0	26942000.0755	0.9841170834365647	0.9590548875952932	1.1502399244999997
immitis	CiB10637	B14298	28092240.0	26853380.1036	0.9755387818130559	0.9559002807750467	1.2388598964000008
immitis	CiB10637	B15142	28092240.0	26568269.4094	0.9559819369690704	0.9457511899869858	1.5239705905999987
immitis	CiB10637	B15145	28092240.0	26702205.8873	0.9763067491236013	0.9505189293306621	1.3900341127000004
immitis	CiB10637	B15146	28092240.0	26961458.902400002	0.9781282603309669	0.9597475638254551	1.1307810975999981
immitis	CiB10637	B15257	28092240.0	26945660.8844	0.9840268993145438	0.9591852014791273	1.1465791156000011
immitis	CiB10637	B15317	28092240.0	27210155.0303	0.9703466356545438	0.9686004046063966	0.8820849697000012
immitis	CiB10637	B15368	28092240.0	26734207.2817	0.9837984670143783	0.9516580835739692	1.3580327182999998
immitis	CiB10637	B16338	28092240.0	26254702.9651	0.9589849592271745	0.9345891593230017	1.8375370348999984
immitis	CiB10637	B16339	28092240.0	26854756.164899997	0.9775696844039493	0.9559492644552373	1.2374838351000026
immitis	CiB10637	B16364	28092240.0	26765429.2441	0.9699571545380503	0.9527694923615917	1.3268107558999993
immitis	CiB10637	B16536	28092240.0	25779831.160099998	0.9467973601962678	0.9176851386753067	2.312408839900002
immitis	CiB10637	B16692	28092240.0	27056909.9205	0.9670988144056863	0.9631453355268216	1.0353300795000009
immitis	CiB10637	B17554	28092240.0	26762993.1567	0.9587880694455124	0.9526827749122178	1.3292468432999998
immitis	CiB10637	B17567	28092240.0	26932451.8557	0.9860351631624961	0.9587149994340074	1.1597881442999989
immitis	CiB10637	B17635	28092240.0	26860146.8356	0.9833511432338611	0.95614115626237	1.2320931644000002
immitis	CiB10637	CA1	28092240.0	25501583.0	0.9446121064037614	0.9077803336437393	2.590657
immitis	CiB10637	CA10	28092240.0	22242.0	0.0007916777017425452	0.0007917488957804717	28.069998
immitis	CiB10637	CA14	28092240.0	25998647.130400002	0.9681062125341375	0.9254743349195366	2.093592869599998
immitis	CiB10637	CA15	28092240.0	27068396.1584	1.0093125039512691	0.9635542113551643	1.0238438416000009
immitis	CiB10637	CA17	28092240.0	26776895.8824	0.9824802443664158	0.9531776705026014	1.3153441176000014
immitis	CiB10637	CA2	28092240.0	26809955.1464	1.0020809904799333	0.9543544817501204	1.282284853599999
immitis	CiB10637	CA20	28092240.0	25885385.650399998	0.9626594756060749	0.9214425638681714	2.206854349600002
immitis	CiB10637	CA22	28092240.0	26771591.976	0.9927042477210788	0.9529888672459014	1.3206480240000003
immitis	CiB10637	CA23	28092240.0	26877208.869599998	0.9921312409405587	0.9567485138102194	1.215031130400002
immitis	CiB10637	CA24	28092240.0	26994270.0	0.9943190717436559	0.9609155410889271	1.09797
immitis	CiB10637	CA25	28092240.0	26453137.209200002	0.9732471229065394	0.9416528268731864	1.6391027907999978
immitis	CiB10637	CA26	28092240.0	26732295.4198	1.0123465600820725	0.9515900269896598	1.3599445802000016
immitis	CiB10637	CA27	28092240.0	26960858.0524	0.9930655621623622	0.959726175356611	1.1313819475999995
immitis	CiB10637	CA28	28092240.0	26703135.1722	0.9868632859109846	0.9505520091028697	1.3891048277999982
immitis	CiB10637	CA29	28092240.0	26838347.0356	1.0128783349423187	0.955365148368375	1.253892964400001
immitis	CiB10637	CA3	28092240.0	26852628.0	0.9908490743351189	0.9558735081289352	1.239612
immitis	CiB10637	CA30	28092240.0	26781746.2856	0.9928254669616947	0.9533503303972912	1.3104937144000008
immitis	CiB10637	CA4	28092240.0	26912941.804700002	0.9958190326937261	0.9580204997785866	1.179298195299998
immitis	CiB10637	CA5	28092240.0	26807590.9516	0.9893851980475747	0.9542703234629919	1.2846490483999997
immitis	CiB10637	CA6	28092240.0	27074616.0	1.0355240450743692	0.9637756191745478	1.017624
immitis	CiB10637	CA7	28092240.0	26566924.209200002	0.9746742073967758	0.945703304869957	1.5253157907999977
immitis	CiB10637	CA8	28092240.0	26872401.9916	1.003815790695224	0.9565774032828994	1.2198380084000007
immitis	CiB10637	CA9	28092240.0	27021722.0422	0.9934198223423978	0.9618927519557002	1.0705179578000008
immitis	CiB10637	CDC-202	28092240.0	27180169.775200002	0.9713461019484384	0.9675330189119843	0.9120702247999981
immitis	CiB10637	CDC-205	28092240.0	27124901.7403	0.9670218900308413	0.9655656416255877	0.9673382597000003
immitis	CiB10637	CDC-212	28092240.0	27211949.8195	0.9690978255916937	0.968664293751584	0.8802901805000007
immitis	CiB10637	COCSP-2006	28092240.0	26681174.0	0.9799781007139338	0.9497702568396112	1.411066
immitis	CiB10637	COCSP-3505	28092240.0	25255443.0932	0.9955454474260508	0.8990184867137686	2.836796906800002
immitis	CiB10637	COCSP-8945	28092240.0	27040910.0	1.0026117532813332	0.9625757860533728	1.05133
immitis	CiB10637	Coahuila_1	28092240.0	26902944.099600002	0.9792585847194812	0.957664611280553	1.1892959003999979
immitis	CiB10637	GT-100	28092240.0	25834376.9732	0.9622667849911578	0.9196268070185931	2.257863026799999
immitis	CiB10637	GT-104	28092240.0	26863058.846	0.9945392525480347	0.9562448151517999	1.2291811539999993
immitis	CiB10637	GT-105	28092240.0	27019712.209200002	0.9894839911662439	0.9618212078922863	1.0725277907999977
immitis	CiB10637	GT-107	28092240.0	26897100.209200002	1.0004542804703362	0.9574565862031651	1.1951397907999977
immitis	CiB10637	GT-108	28092240.0	26993757.1584	0.9982186929913741	0.9608972854567667	1.0984828416000008
immitis	CiB10637	GT-109	28092240.0	26552828.214500003	0.9916432504136374	0.9452015294793153	1.5394117854999974
immitis	CiB10637	GT-111	28092240.0	27103355.836400002	1.0507112957884455	0.9647986716758793	0.9888841635999978
immitis	CiB10637	GT-113	28092240.0	26967949.239299998	1.0081469387987572	0.959978600471162	1.1242907607000023
immitis	CiB10637	GT-114	28092240.0	26981314.240900002	1.003066671365473	0.9604543546865613	1.1109257590999977
immitis	CiB10637	GT-116	28092240.0	26907982.9824	0.9990020753062057	0.957843980487138	1.1842570175999998
immitis	CiB10637	GT-117	28092240.0	26631574.05	0.9883567002132972	0.9480046464788853	1.4606659499999992
immitis	CiB10637	GT-118	28092240.0	26566357.7812	1.002000136977329	0.9456831417216996	1.5258822188000007
immitis	CiB10637	GT-119	28092240.0	26927496.1671	0.9998016420548879	0.9585385916929373	1.1647438328999988
immitis	CiB10637	GT-121	28092240.0	26674889.1356	0.9813869816006129	0.949546534402383	1.4173508643999995
immitis	CiB10637	GT-122	28092240.0	26296647.9897	0.9650586982739717	0.9360822771591016	1.7955920102999994
immitis	CiB10637	GT-123	28092240.0	25810918.1756	0.9536154703220534	0.9187917437555709	2.2813218244000004
immitis	CiB10637	GT-125	28092240.0	26565275.0	0.9695709562498398	0.9456445979387902	1.526965
immitis	CiB10637	GT-126	28092240.0	26394708.0	0.9760777353461312	0.9395729212052866	1.697532
immitis	CiB10637	GT-127	28092240.0	26639990.701700002	0.9891431447260881	0.9483042541890573	1.452249298299998
immitis	CiB10637	GT-128	28092240.0	26935215.0	1.0090316756513542	0.9588133591340526	1.157025
immitis	CiB10637	GT-129	28092240.0	26008950.9097	0.9600219273721141	0.9258411187466716	2.0832890903000014
immitis	CiB10637	GT-132	28092240.0	26980139.240199998	0.9937103907342384	0.9604125281643613	1.112100759800002
immitis	CiB10637	GT-133	28092240.0	25986463.7684	0.9606900084863293	0.9250406435513864	2.1057762316000015
immitis	CiB10637	GT-140	28092240.0	26697488.0	0.9931230119064909	0.9503509866069776	1.394752
immitis	CiB10637	GT-146	28092240.0	26841253.0	0.9906856840180776	0.9554685920382283	1.250987
immitis	CiB10637	GT-147	28092240.0	25008494.0	0.9134590192878888	0.8902278351601723	3.083746
immitis	CiB10637	GT-156	28092240.0	26780970.849400003	0.9959458282429596	0.9533227271801751	1.3112691505999976
immitis	CiB10637	GT-163	28092240.0	26678956.029	0.9886804509003198	0.9496913036838642	1.413283971000001
immitis	CiB10637	GT-167	28092240.0	27024597.0588	0.9698683213584962	0.96199509397613	1.0676429411999993
immitis	CiB10637	GT-169	28092240.0	26726564.8436	0.9979590806571494	0.9513860355599981	1.365675156399999
immitis	CiB10637	Guerrero_1	28092240.0	26713924.209200002	0.9918252071034563	0.9509360666575539	1.3783157907999977
immitis	CiB10637	M204	28092240.0	26657387.0535	0.97076192945098	0.9489235124539731	1.4348529464999995
immitis	CiB10637	Michoacan_2	28092240.0	26023719.0	0.9497790137062762	0.9263668187371317	2.068521
immitis	CiB10637	RS	28092240.0	26899082.995	1.0121209419754351	0.9575271674668877	1.1931570049999989
immitis	CiB10637	SD7	28092240.0	23462678.0	0.8558114269278634	0.8352013936944864	4.629562
immitis	CiB10637	SDVA1	28092240.0	27127836.0	0.9849154072441357	0.9656700925237717	0.964404
immitis	CiB10637	SDVA15	28092240.0	26991089.0928	1.0027639705484503	0.9608023102750083	1.1011509072000012
immitis	CiB10637	SDVA17	28092240.0	26755865.3592	0.9930209648287214	0.9524290465694442	1.3363746407999992
immitis	CiB10637	SDVA2	28092240.0	26971046.0	0.9787222378849105	0.9600888359205246	1.121194
immitis	CiB10637	SDVA3	28092240.0	26603212.158	0.9769494969429281	0.9469950476715278	1.4890278420000003
immitis	CiB10637	SDVA36	28092240.0	26734221.3336	0.9892302762969417	0.9516585837797199	1.3580186664000005
immitis	CiB10637	SDVA38	28092240.0	26063971.941600002	0.9511546606464989	0.9277997034625933	2.0282680583999975
immitis	CiB10637	SDVA39	28092240.0	27073019.6679	1.0061178641503847	0.9637187945105125	1.0192203321000002
immitis	CiB10637	SDVA4	28092240.0	27123354.0	0.9795146275270323	0.9655105466847784	0.968886
immitis	CiB10637	SDVA41	28092240.0	27119595.243	1.034810335594456	0.9653767461405712	0.9726447569999993
immitis	CiB10637	SDVA44	28092240.0	26861506.042	1.0197534842362161	0.9561895399583658	1.2307339580000005
immitis	CiB10637	SDVA48	28092240.0	27061622.112099998	1.0235097909956627	0.9633130755005652	1.0306178879000023
immitis	CiB10637	SDVA5	28092240.0	26897089.8798	1.0057077589398353	0.9574562185073173	1.1951501202000008
immitis	CiB10637	SDVA6	28092240.0	26688481.3592	1.0042194310243684	0.9500303770436249	1.4037586407999993
immitis	CiB10637	SJV_1	28092240.0	26737611.8988	0.9926732561020409	0.9517792777934405	1.3546281011999994
immitis	CiB10637	SJV_10	28092240.0	26944362.8375	0.9879431966265417	0.9591389948790128	1.1478771625000015
immitis	CiB10637	SJV_11	28092240.0	26904856.1519	0.9881755117427446	0.9577326746425348	1.1873838480999992
immitis	CiB10637	SJV_2	28092240.0	26907802.0	0.9852920237047669	0.9578375380532133	1.184438
immitis	CiB10637	SJV_3	28092240.0	21676352.0	0.7977740472101904	0.7716135131979508	6.415888
immitis	CiB10637	SJV_4	28092240.0	26869690.1072	0.9981424809128784	0.9564808682824866	1.2225498927999996
immitis	CiB10637	SJV_5	28092240.0	26972849.0	0.9855903267236789	0.9601530173457155	1.119391
immitis	CiB10637	SJV_6	28092240.0	26783203.0	0.9923441491315751	0.953402185087412	1.309037
immitis	CiB10637	SJV_7	28092240.0	26702330.0	0.9889289711322415	0.9505233473727976	1.38991
immitis	CiB10637	SJV_8	28092240.0	26542523.0	0.98989898989899	0.9448346945633385	1.549717
immitis	CiB10637	SJV_9	28092240.0	26619819.228	0.9907408675135909	0.9475862098572417	1.472420772
immitis	CiB10637	San_Diego_1	28092240.0	26988822.174000002	0.99947635902299	0.9607216147234967	1.1034178259999976
immitis	CiB10637	VFC043	28092240.0	26997177.9908	1.006623588720586	0.9610190568925796	1.0950620091999992
immitis	CiB10637	VFC052	28092240.0	26616408.2898	0.9896453532719356	0.9474647906254539	1.4758317102000005
immitis	CiB10637	WA_211	28092240.0	27108189.3517	0.9654044288387114	0.9649707304116725	0.9840506482999996
immitis	CiB10637	WA_221	28092240.0	27119360.786	0.9664231930241234	0.9653684001702961	0.9728792140000015
immitis	CiB10637	Washington_1	28092240.0	27207542.1401	0.9696289250341018	0.9685073935043983	0.8846978599000014
immitis	CiB10637	h5384	28092240.0	26826565.0	0.9858793745176604	0.9549457430236962	1.265675
posadasii	Silveira2022	407-0_S_OLD_CPA0002	28193268.0	26523570.7285	1.0102127804410612	0.9407767389186668	1.669697271499999
posadasii	Silveira2022	407-1_S_OLD_CPA0004	28193268.0	26776997.517	1.018061214152258	0.9497656503318452	1.416270482999999
posadasii	Silveira2022	409B-0_L_OLD_CPA0011	28193268.0	26580707.6151	1.064256702770321	0.9428033534494831	1.6125603848999999
posadasii	Silveira2022	409B-0_S_OLD_CPA0012	28193268.0	26714687.678099997	1.022223796191346	0.9475555539747998	1.4785803219000027
posadasii	Silveira2022	4545-MICE	28193268.0	25922274.3473	0.9993969371340705	0.9194490807982956	2.2709936526999996
posadasii	Silveira2022	485B-0_S_OLD_CPA0021	28193268.0	26599530.0135	0.9957686789271821	0.9434709737622471	1.5937379864999988
posadasii	Silveira2022	485B-4_S_NEW_CPA0029	28193268.0	26550247.4735	0.9914824537190935	0.941722948666327	1.6430205265000015
posadasii	Silveira2022	573-1_L_NEW_CPA0031	28193268.0	26751496.0272	1.0008503070307422	0.9488611262518414	1.4417719728000016
posadasii	Silveira2022	573-1_S_NEW_CPA0033	28193268.0	26696490.9104	1.0004689002353326	0.9469101244453109	1.4967770896000006
posadasii	Silveira2022	574-0_L_OLD_CPA0038	28193268.0	26690427.3389	0.9906646942809184	0.9466950528367268	1.5028406611000003
posadasii	Silveira2022	574-0_S_OLD_CPA0039	28193268.0	26580514.7078	0.9903969896288717	0.9427965111316645	1.6127532921999992
posadasii	Silveira2022	574-1_L_NEW_CPA0040	28193268.0	26717455.2429	1.0036038037520163	0.947653718004596	1.475812757100001
posadasii	Silveira2022	578-1_A_NEW_CPA0048	28193268.0	26213812.0896	0.9746499425323804	0.9297897671742062	1.9794559103999996
posadasii	Silveira2022	578-1_L_NEW_CPA0049	28193268.0	26564631.138400003	0.9833980955311744	0.942233129497439	1.6286368615999967
posadasii	Silveira2022	578-1_L_NEW_CPA0049_alt	28193268.0	26793163.443800002	1.010098806849919	0.9503390470306601	1.4001045561999976
posadasii	Silveira2022	582-1_L_NEW_CPA0064	28193268.0	26454077.9367	0.9978252794603308	0.9383118670989118	1.7391900632999986
posadasii	Silveira2022	730332_Guatemala	28193268.0	26674537.1036	1.015193527192378	0.9461314347666259	1.5187308964000008
posadasii	Silveira2022	730333_Guatemala	28193268.0	26621751.1704	1.011462000751385	0.9442591462046898	1.5715168295999988
posadasii	Silveira2022	730334_Guatemala	28193268.0	26466316.4643	0.981726777080259	0.9387459610677272	1.726951535700001
posadasii	Silveira2022	B0858-Guatemala	28193268.0	26840758.8103	1.0248111837549305	0.9520272289931058	1.3525091897
posadasii	Silveira2022	B10757_Nevada	28193268.0	26545663.9556	1.0037094141055234	0.9415603737601473	1.647604044399999
posadasii	Silveira2022	B10813_Texas	28193268.0	26317951.3313	0.9728274744169424	0.9334835298731599	1.8753166686999985
posadasii	Silveira2022	B10917	28193268.0	26813656.0711	1.0097680494506702	0.9510659094610813	1.3796119288999997
posadasii	Silveira2022	B10918	28193268.0	26428178.7062	0.973026516436477	0.9373932353709403	1.7650892938
posadasii	Silveira2022	B10919	28193268.0	26397935.1754	0.9853908719982373	0.936320513655955	1.7953328246
posadasii	Silveira2022	B11036	28193268.0	26146124.136299998	0.9619179046927089	0.9273889120019715	2.0471438637000023
posadasii	Silveira2022	B11058	28193268.0	26407240.907	0.9857208819850185	0.9366505829334861	1.7860270929999984
posadasii	Silveira2022	B11199	28193268.0	26694435.9613	0.9943561014636544	0.9468372365097938	1.4988320386999994
posadasii	Silveira2022	B11232	28193268.0	26938737.0913	0.9974613430411828	0.9555024657411124	1.2545309087000005
posadasii	Silveira2022	B11299	28193268.0	26417504.5588	0.9748586969768812	0.9370146291235198	1.7757634411999994
posadasii	Silveira2022	B11300	28193268.0	26495711.8158	0.9757388770255367	0.9397885983207055	1.6975561842
posadasii	Silveira2022	B11400	28193268.0	26409745.0	0.9966928984607247	0.9367394017607323	1.783523
posadasii	Silveira2022	B11871	28193268.0	26670765.8812	0.9904202007727518	0.9459976715434337	1.5225021187999994
posadasii	Silveira2022	B11872	28193268.0	26720909.2493	0.974272025364353	0.9477762297474702	1.4723587507000007
posadasii	Silveira2022	B11877	28193268.0	26833119.285	0.9841036094148433	0.9517562591537809	1.3601487149999998
posadasii	Silveira2022	B12202	28193268.0	26808314.3667	0.9867570262163294	0.9508764420889413	1.384953633299999
posadasii	Silveira2022	B12216	28193268.0	26013407.7742	0.9664025321222073	0.9226815342655559	2.1798602258
posadasii	Silveira2022	B12218	28193268.0	26352965.6572	0.9850370524623112	0.934725469115535	1.8403023427999987
posadasii	Silveira2022	B12226	28193268.0	26648016.7575	1.0122589912244297	0.9451907724035398	1.5452512424999998
posadasii	Silveira2022	B12397	28193268.0	26715327.017300002	0.9824933896276232	0.9475782309911714	1.4779409826999976
posadasii	Silveira2022	B12399	28193268.0	26705504.2253	0.9688117087384123	0.9472298218603107	1.487763774700001
posadasii	Silveira2022	B12400	28193268.0	26400578.134999998	0.972134290178776	0.9364142580065566	1.792689865000002
posadasii	Silveira2022	B12402	28193268.0	26970863.0753	1.0109099807443394	0.9566419570551381	1.2224049246999993
posadasii	Silveira2022	B12471	28193268.0	27009876.2051	0.9930584422848745	0.9580257317136843	1.1833917949000001
posadasii	Silveira2022	B12475	28193268.0	26529911.6	0.974020308677944	0.9410016462085914	1.6633563999999985
posadasii	Silveira2022	B12498	28193268.0	26160925.7368	0.9579800114694047	0.9279139167832547	2.0323422632
posadasii	Silveira2022	B1249_Guatemala	28193268.0	26780664.1223	1.0144426732296519	0.9498957028429623	1.412603877700001
posadasii	Silveira2022	B12527	28193268.0	26298977.9225	0.9793954659672657	0.9328105533030083	1.8942900775000007
posadasii	Silveira2022	B13534	28193268.0	26607434.7617	0.9797941369194944	0.9437513509146935	1.5858332382999993
posadasii	Silveira2022	B13535	28193268.0	26812522.45	0.9891050947339627	0.9510257005324817	1.3807455500000008
posadasii	Silveira2022	B13981	28193268.0	26746990.943	0.9919819262527494	0.9487013333466698	1.446277057
posadasii	Silveira2022	B14104	28193268.0	26549444.8913	0.9887317658953194	0.9416944815088482	1.6438231086999997
posadasii	Silveira2022	B14130	28193268.0	26508755.221199997	0.9676723456110161	0.9402512408706929	1.6845127788000032
posadasii	Silveira2022	B14134	28193268.0	26932986.3191	0.9872266652095812	0.955298488954881	1.2602816809000001
posadasii	Silveira2022	B14291	28193268.0	26874638.535099998	0.9995832148298666	0.9532289245468102	1.3186294649000019
posadasii	Silveira2022	B14292	28193268.0	26928984.9263	1.000350765721803	0.9551565617118243	1.2642830736999997
posadasii	Silveira2022	B15369	28193268.0	26688054.009999998	0.9772058102664792	0.9466108721415338	1.5052139900000021
posadasii	Silveira2022	B16293	28193268.0	26408743.5089	0.9778059179233851	0.9367038794119221	1.7845244910999984
posadasii	Silveira2022	B16294	28193268.0	26585236.7419	0.9864486306447341	0.9429639991327008	1.6080312580999994
posadasii	Silveira2022	B16531	28193268.0	26596512.937200002	0.9851565167259078	0.9433639596942079	1.5967550627999976
posadasii	Silveira2022	B16712	28193268.0	26228993.9632	0.979277454461824	0.9303282600371123	1.964274036800001
posadasii	Silveira2022	B3203	28193268.0	26867930.5873	1.0124865174196904	0.9529909972586363	1.325337412700001
posadasii	Silveira2022	B3213	28193268.0	26884673.802500002	0.9912191050359965	0.9535848700654356	1.308594197499998
posadasii	Silveira2022	B3215	28193268.0	26985264.6625	1.0005863766839658	0.9571527735805584	1.2080033374999986
posadasii	Silveira2022	B3220	28193268.0	26077196.1378	0.9627866508416123	0.9249440730957476	2.116071862199999
posadasii	Silveira2022	B3221	28193268.0	25775248.3815	0.9596720610750056	0.914234149141561	2.4180196185000016
posadasii	Silveira2022	B3222	28193268.0	26661725.4927	0.9853529678787148	0.9456770138424534	1.5315425073000006
posadasii	Silveira2022	B3224	28193268.0	25627034.098	0.9537337938971814	0.9089770684973448	2.5662339019999987
posadasii	Silveira2022	B3226	28193268.0	27150260.1583	0.9998250397577181	0.9630050747682035	1.0430078416999988
posadasii	Silveira2022	B3227	28193268.0	26642836.3054	1.0023676267327362	0.9450070245634525	1.550431694600001
posadasii	Silveira2022	B3228	28193268.0	26736870.663599998	0.996024061701538	0.9483423724982857	1.4563973364000022
posadasii	Silveira2022	B3236	28193268.0	27024061.7635	1.0156530410380238	0.9585288858141596	1.1692062364999987
posadasii	Silveira2022	B3242	28193268.0	26683133.6469	0.9962242614442568	0.9464363495179061	1.5101343531000018
posadasii	Silveira2022	B3244	28193268.0	26651341.3675	0.9909466747522848	0.9453086945259415	1.5419266325000003
posadasii	Silveira2022	B3245	28193268.0	26709957.6403	0.985293907254739	0.9473877820868443	1.4833103597000017
posadasii	Silveira2022	B3246	28193268.0	26847939.4085	1.0209629265042988	0.9522819209358774	1.345328591499999
posadasii	Silveira2022	B3251	28193268.0	25219556.9911	0.9514051056443688	0.8945240754317662	2.973711008900002
posadasii	Silveira2022	B3256	28193268.0	25575693.759999998	0.9614311845650529	0.9071560544169621	2.617574240000002
posadasii	Silveira2022	B3269	28193268.0	26432970.8285	0.9788816477749227	0.9375632093626038	1.760297171500001
posadasii	Silveira2022	B3276	28193268.0	26568057.2158	0.9961577673790779	0.9423546506137563	1.6252107842000014
posadasii	Silveira2022	B3284	28193268.0	26525485.9919	0.9878459762451093	0.9408446722777934	1.6677820080999992
posadasii	Silveira2022	B3286	28193268.0	26594345.560000002	0.9984304355919293	0.9432870839946615	1.5989224399999977
posadasii	Silveira2022	B3290	28193268.0	26589065.7009	0.9957760434866934	0.9430998102419343	1.6042022991000005
posadasii	Silveira2022	B3291	28193268.0	25735825.0175	0.963841625241884	0.912835823697345	2.4574429825000017
posadasii	Silveira2022	B3292	28193268.0	26452631.544	0.9877682753556629	0.9382605643304636	1.7406364560000003
posadasii	Silveira2022	B3301	28193268.0	26411145.835500002	0.9847595390147748	0.9367890886398839	1.782122164499998
posadasii	Silveira2022	B3310	28193268.0	26432151.5775	1.0028010108654306	0.9375341509717852	1.7611164224999993
posadasii	Silveira2022	B3313	28193268.0	26388780.0888	0.9867535516279986	0.9359957876752705	1.8044879112000018
posadasii	Silveira2022	B3314	28193268.0	26826775.615000002	1.0004059461996389	0.9515312526025718	1.366492384999998
posadasii	Silveira2022	B3315	28193268.0	26640934.2375	0.998606593602416	0.9449395592415892	1.5523337624999993
posadasii	Silveira2022	B3326	28193268.0	26271088.3655	0.9903971085934414	0.9318213257682649	1.9221796345000006
posadasii	Silveira2022	B3335	28193268.0	26481012.3308	1.0042948973847232	0.9392672155210954	1.7122556691999995
posadasii	Silveira2022	B3341	28193268.0	26490830.7069	1.0016828381867615	0.9396154680223662	1.7024372930999994
posadasii	Silveira2022	B3344	28193268.0	26864652.525399998	1.0201371635242853	0.9528747261722195	1.328615474600002
posadasii	Silveira2022	B3345	28193268.0	26911078.7749	0.9932763064572719	0.95452144018565	1.2821892250999996
posadasii	Silveira2022	B3347	28193268.0	25606016.2551	0.9468246639587862	0.9082315769530513	2.587251744899999
posadasii	Silveira2022	B3348	28193268.0	26249049.8317	0.9717196341694053	0.9310396308686173	1.944218168299999
posadasii	Silveira2022	B3352	28193268.0	26477054.775	0.9671086968350033	0.9391268431527696	1.7162132250000015
posadasii	Silveira2022	B3353	28193268.0	26864215.4738	1.0258976462395206	0.9528592241878451	1.3290525262000001
posadasii	Silveira2022	B3358	28193268.0	26892918.737400003	1.0127447714468574	0.9538773134565316	1.3003492625999973
posadasii	Silveira2022	B3359	28193268.0	26495566.681199998	0.9787501343583157	0.9397834504747729	1.6977013188000023
posadasii	Silveira2022	B3368	28193268.0	27137242.6765	0.9926359610031729	0.962543351714317	1.0560253235
posadasii	Silveira2022	B3374	28193268.0	26811299.11	0.9933532501446799	0.9509823093229206	1.3819688900000007
posadasii	Silveira2022	B3375	28193268.0	26664178.3098	0.9950689596183032	0.9457640139412004	1.529089690200001
posadasii	Silveira2022	B3382	28193268.0	26338011.345399998	0.9780395544780407	0.9341950477468592	1.8552566546000018
posadasii	Silveira2022	B3391	28193268.0	26878268.2448	0.9832865360624388	0.9533576683909081	1.3149997551999986
posadasii	Silveira2022	B3395	28193268.0	26740367.5491	0.99035626472958	0.948466405139695	1.4529004508999996
posadasii	Silveira2022	B3398	28193268.0	26553276.689400002	0.9903567808102275	0.9418303933194265	1.6399913105999977
posadasii	Silveira2022	B3409	28193268.0	26331608.4489	0.965869048419644	0.9339679404636596	1.8616595511000007
posadasii	Silveira2022	B3411	28193268.0	26406171.9973	1.0009873585070024	0.9366126692833197	1.787096002700001
posadasii	Silveira2022	B3413	28193268.0	26627194.122	0.9770864338962052	0.9444522047603705	1.5660738779999985
posadasii	Silveira2022	B3417	28193268.0	26475984.1266	0.982911691862043	0.9390888678318526	1.7172838733999989
posadasii	Silveira2022	B3420	28193268.0	27142728.3817	1.0144657434178967	0.9627379267171157	1.0505396182999984
posadasii	Silveira2022	B3439	28193268.0	26900270.6534	1.0048220186819066	0.9541380819492086	1.2929973465999998
posadasii	Silveira2022	B3440	28193268.0	25837604.649	0.9444646248175275	0.9164458922959907	2.3556633509999996
posadasii	Silveira2022	B3453	28193268.0	26265252.6089	0.98602021890474	0.9316143346312318	1.9280153911000006
posadasii	Silveira2022	B3457	28193268.0	25671556.2559	0.975289656984781	0.9105562454093651	2.5217117441000005
posadasii	Silveira2022	B3476	28193268.0	25439319.7682	0.9829884911532781	0.9023189425291172	2.7539482318000013
posadasii	Silveira2022	B3482	28193268.0	26194003.7822	0.9715445484716423	0.9290871772013093	1.9992642177999989
posadasii	Silveira2022	B3489	28193268.0	26718712.1281	0.9982200371379437	0.9476982990442967	1.4745558718999996
posadasii	Silveira2022	B3491	28193268.0	26670149.8825	1.0017902181471123	0.9459758224020004	1.5231181174999997
posadasii	Silveira2022	B3492	28193268.0	25855811.1303	0.9969207838197403	0.9170916663616293	2.3374568696999996
posadasii	Silveira2022	B5773_Brazil	28193268.0	26251788.884999998	0.9753475253383184	0.931136783610896	1.9414791150000021
posadasii	Silveira2022	BFF340	28193268.0	26307700.9773	0.9935150829978278	0.9331199553489152	1.8855670227000005
posadasii	Silveira2022	Beeville	28193268.0	25904125.3726	0.9672677269978068	0.9188053464607224	2.2891426273999995
posadasii	Silveira2022	C735-TKO	28193268.0	26196039.432	0.9598917463204337	0.9291593806010712	1.997228568
posadasii	Silveira2022	CA12	28193268.0	21056.0	0.0007469868338782152	0.0007468449560370227	28.172212
posadasii	Silveira2022	COCPO_103718	28193268.0	25785265.173299998	0.9386940502605089	0.9145894393406255	2.408002826700002
posadasii	Silveira2022	COCPO_103720	28193268.0	25579904.8975	0.9367026137232477	0.9073054211913284	2.6133631024999993
posadasii	Silveira2022	COCPO_103721	28193268.0	25855721.9719	0.9498665785392456	0.9170885039613003	2.337546028099999
posadasii	Silveira2022	COCPO_103744	28193268.0	25882796.0	0.950105890526774	0.9180488051261032	2.310472
posadasii	Silveira2022	COCPO_103745	28193268.0	25934892.052	0.9461525141391909	0.9198966239742055	2.258375947999999
posadasii	Silveira2022	COCPO_103827	28193268.0	24943636.7213	0.8970867684796242	0.884737332376651	3.2496312787000017
posadasii	Silveira2022	COCPO_114029	28193268.0	25586122.4027	0.9391338722066559	0.907525952745173	2.6071455973000006
posadasii	Silveira2022	COCPO_114072	28193268.0	26140497.89	0.9677517909594588	0.9271893520822063	2.0527701099999995
posadasii	Silveira2022	COCPO_175712	28193268.0	25897571.496600002	0.9561244518372258	0.9185728840161418	2.295696503399998
posadasii	Silveira2022	COCPO_175714	28193268.0	25729289.89	0.9409062688298497	0.9126040262519407	2.4639781099999993
posadasii	Silveira2022	COCPO_175715	28193268.0	25710109.6695	0.9426728828314617	0.911923714182407	2.4831583304999993
posadasii	Silveira2022	COCPO_175716	28193268.0	26169468.0	0.9677139947025651	0.9282169062486832	2.0238
posadasii	Silveira2022	COCPO_185672	28193268.0	26143889.0	0.963548815979758	0.9273096329237178	2.049379
posadasii	Silveira2022	COCPO_195880	28193268.0	25661982.8955	0.938517740263385	0.9102166834827378	2.5312851044999993
posadasii	Silveira2022	COCPO_195881	28193268.0	24927369.8925	0.906003116595068	0.8841603567383532	3.2658981075000018
posadasii	Silveira2022	COCPO_195884	28193268.0	25095318.1175	0.9039228740350357	0.8901173896371289	3.0979498825000005
posadasii	Silveira2022	COCPO_4545	28193268.0	26494896.742200002	1.0099922738293412	0.9397596881000103	1.6983712577999979
posadasii	Silveira2022	COCPO_Galgiani	28193268.0	26759292.494	0.9888111459444857	0.9491376627214695	1.433975506000001
posadasii	Silveira2022	COCSP-3478	28193268.0	26313951.68	0.9823245685814074	0.9333416644001682	1.8793163200000003
posadasii	Silveira2022	COCSP_8725	28193268.0	26670708.5973	0.9829074626964139	0.9459956397144169	1.5225594026999996
posadasii	Silveira2022	Cocci_1400035797	28193268.0	26162029.5478	0.9756107949599883	0.927953068363696	2.0312384521999993
posadasii	Silveira2022	Colorado_Springs_1	28193268.0	26509118.7141	0.975991664996055	0.9402641337676781	1.6841492859000005
posadasii	Silveira2022	EMS	28193268.0	26349241.295	0.9783445794577628	0.9345933679983464	1.8440267049999983
posadasii	Silveira2022	FMC233	28193268.0	26655651.344499998	0.9928776173801491	0.9454615670840286	1.5376166555000021
posadasii	Silveira2022	FMC234	28193268.0	26839897.975	0.9909039269587336	0.9519966956296092	1.3533700249999985
posadasii	Silveira2022	FMC235	28193268.0	26576909.9066	0.9954875703306194	0.9426686507786185	1.6163580934000015
posadasii	Silveira2022	FMC449	28193268.0	26377961.5841	0.9872306861694785	0.935612061152329	1.8153064158999994
posadasii	Silveira2022	FMC588	28193268.0	26615222.2698	0.961680292862821	0.9440275696240678	1.5780457302000002
posadasii	Silveira2022	FMC718	28193268.0	26020079.8575	0.9810456107819782	0.922918189459271	2.173188142499998
posadasii	Silveira2022	GT-002	28193268.0	26413484.4807	0.9838052543252525	0.9368720391229566	1.779783519299999
posadasii	Silveira2022	GT-017	28193268.0	26430959.3488	1.0040999975951705	0.9374918632632443	1.7623086512000001
posadasii	Silveira2022	GT-101	28193268.0	26413722.2722	0.9866863780388991	0.9368804734591251	1.7795457278000004
posadasii	Silveira2022	GT-102	28193268.0	26725898.537	1.0026419570444973	0.9479531970894612	1.4673694629999996
posadasii	Silveira2022	GT-103	28193268.0	26618810.745	1.0006970795297658	0.9441548509027049	1.574457254999999
posadasii	Silveira2022	GT-106	28193268.0	26620956.6193	1.0000383192186164	0.9442309639059935	1.5723113806999995
posadasii	Silveira2022	GT-110	28193268.0	26748402.0576	0.99787849205704	0.9487513848199506	1.444865942400001
posadasii	Silveira2022	GT-115	28193268.0	26494077.8946	0.9936676907763938	0.9397306440175719	1.6991901053999998
posadasii	Silveira2022	GT-120	28193268.0	26524102.406	0.999325981471889	0.9407955972326443	1.6691655940000005
posadasii	Silveira2022	GT-124	28193268.0	26412172.137000002	0.9744497083133462	0.9368254910001921	1.781095862999998
posadasii	Silveira2022	GT-130	28193268.0	26243740.740199998	0.9755097673316907	0.930851320258439	1.949527259800002
posadasii	Silveira2022	GT-131	28193268.0	26193720.318	0.9832917013380641	0.9290771228791214	1.999547682
posadasii	Silveira2022	GT-134	28193268.0	26342126.0	0.9766781914037067	0.9343409923248345	1.851142
posadasii	Silveira2022	GT-136	28193268.0	26509002.6356	0.9903013980500592	0.9402600165259309	1.6842653643999994
posadasii	Silveira2022	GT-139	28193268.0	25682662.869	0.9514148863125764	0.910950190981762	2.510605131000001
posadasii	Silveira2022	GT-141	28193268.0	26120974.522600003	0.976925424821273	0.9264968687773266	2.0722934773999975
posadasii	Silveira2022	GT-142	28193268.0	26666076.021700002	0.9902432301214602	0.9458313247580948	1.5271919782999976
posadasii	Silveira2022	GT-143	28193268.0	26288752.0212	0.9852651639391361	0.9324478461028357	1.9045159787999988
posadasii	Silveira2022	GT-144	28193268.0	26267609.3531	0.968542224548073	0.9316979270760666	1.925658646899998
posadasii	Silveira2022	GT-145	28193268.0	26060422.5585	0.9648079873890462	0.924349123290709	2.1328454415000007
posadasii	Silveira2022	GT-148	28193268.0	26183286.37	0.9802891509774604	0.9287070363747828	2.009981629999999
posadasii	Silveira2022	GT-149	28193268.0	26552801.1556	0.9772898048214914	0.941813526392187	1.6404668444
posadasii	Silveira2022	GT-150	28193268.0	26340919.5287	0.9861193100778526	0.9342981994389583	1.8523484712999985
posadasii	Silveira2022	GT-151	28193268.0	26216476.37	0.9897815756938856	0.9298842677620771	1.976791629999999
posadasii	Silveira2022	GT-153	28193268.0	23773920.2872	0.8650557707605944	0.8432481217572932	4.4193477128
posadasii	Silveira2022	GT-154	28193268.0	26422345.36	0.9960443142667958	0.9371863297294942	1.7709226400000007
posadasii	Silveira2022	GT-155	28193268.0	25664643.9875	0.9484746384846199	0.9103110709797815	2.5286240124999995
posadasii	Silveira2022	GT-157	28193268.0	25949974.125	0.943544754194512	0.9204315769636922	2.243293875
posadasii	Silveira2022	GT-158	28193268.0	25998943.8705	0.9678878841218407	0.922168507407513	2.1943241295000018
posadasii	Silveira2022	GT-159	28193268.0	26483051.0	0.995524179743902	0.9393395260173457	1.710217
posadasii	Silveira2022	GT-160	28193268.0	25456252.6657	0.9391781735270989	0.9029195432647255	2.7370153343
posadasii	Silveira2022	GT-161	28193268.0	25775746.0	0.9596326328682436	0.9142517994011904	2.417522
posadasii	Silveira2022	GT-162	28193268.0	26218722.518	0.9761158565229119	0.9299639374193868	1.9745454820000008
posadasii	Silveira2022	GT-164	28193268.0	26150047.1334	0.9799378627550379	0.9275280585918596	2.0432208665999996
posadasii	Silveira2022	GT-165	28193268.0	26137637.5651	0.9728289240537847	0.927087897901726	2.0556304349000007
posadasii	Silveira2022	GT-166	28193268.0	26100535.9734	0.9806973117483224	0.9257719244679262	2.0927320265999994
posadasii	Silveira2022	GT-168	28193268.0	26022461.0677	0.9668242536480695	0.9230026496999212	2.1708069323000014
posadasii	Silveira2022	GT-171	28193268.0	26264799.0827	0.9654912971422823	0.9315982483016867	1.9284689173000007
posadasii	Silveira2022	IL1	28193268.0	26167414.73	0.9757900474680693	0.9281440778699369	2.0258532699999994
posadasii	Silveira2022	J_TORRES	28193268.0	26512711.4754	1.0183957556818173	0.9403915670719691	1.6805565245999992
posadasii	Silveira2022	KJH004	28193268.0	26485133.5995	0.9853107541488273	0.9394133946976279	1.7081344004999994
posadasii	Silveira2022	M191	28193268.0	26649932.5203	0.9814377006950737	0.945258723476115	1.5433354796999992
posadasii	Silveira2022	M195	28193268.0	26772671.8077	1.0037432318949333	0.9496122197575677	1.4205961922999992
posadasii	Silveira2022	M196	28193268.0	26388094.105	0.9711881662672096	0.9359714562001114	1.8051738949999996
posadasii	Silveira2022	M197	28193268.0	26684171.7379	1.003677632369543	0.9464731700454165	1.5090962621
posadasii	Silveira2022	M198	28193268.0	26548698.6745	1.0120015055012423	0.9416680136016867	1.6445693255000002
posadasii	Silveira2022	M199	28193268.0	26202399.4993	0.9732885738893413	0.9293849687556618	1.9908685007000007
posadasii	Silveira2022	M1_5	28193268.0	26526732.0482	1.0010133356303357	0.9408888692222555	1.6665359518
posadasii	Silveira2022	M200	28193268.0	26290626.0717	0.9848965009306476	0.932514317662642	1.9026419283000007
posadasii	Silveira2022	M201	28193268.0	26094836.588	0.9549134907666611	0.9255697703437572	2.0984314120000005
posadasii	Silveira2022	M205	28193268.0	26725902.761299998	0.9994009948048591	0.9479533469231023	1.4673652387000025
posadasii	Silveira2022	M206	28193268.0	26538322.4799	0.9944471373095165	0.9412999755792766	1.6549455201000012
posadasii	Silveira2022	M207	28193268.0	26541534.8491	0.9967953813300395	0.9414139165810789	1.6517331508999988
posadasii	Silveira2022	M208	28193268.0	26648993.1125	0.9758455626712023	0.9452254031884492	1.5442748874999992
posadasii	Silveira2022	M211	28193268.0	26465089.6145	0.9876970311848914	0.9387024453674544	1.728178385499999
posadasii	Silveira2022	M213	28193268.0	26469301.4647	0.979053023792772	0.9388518374209048	1.7239665353000015
posadasii	Silveira2022	M214	28193268.0	26700328.8817	0.9947193771222266	0.9470462552159615	1.4929391182999983
posadasii	Silveira2022	M215	28193268.0	26362806.215499997	0.9750149051539537	0.935074508407468	1.8304617845000029
posadasii	Silveira2022	M219	28193268.0	26756960.369599998	0.9947848935072018	0.9490549435276534	1.436307630400002
posadasii	Silveira2022	M220	28193268.0	26909410.4537	1.0073970248145763	0.954462265733082	1.2838575463000015
posadasii	Silveira2022	M221	28193268.0	25689736.1672	0.9511453100789876	0.9112010770514436	2.5035318328000007
posadasii	Silveira2022	M222	28193268.0	26757835.0225	0.9953862505403772	0.9490859669939646	1.4354329774999992
posadasii	Silveira2022	M223	28193268.0	26479560.3669	0.9832857437101652	0.93921571514519	1.7137076330999992
posadasii	Silveira2022	MJS	28193268.0	26278243.2375	0.9749220132976426	0.9320751052166071	1.9150247624999992
posadasii	Silveira2022	Michoacan_1	28193268.0	26611270.963800002	0.9923142785362805	0.9438874189327751	1.5819970361999982
posadasii	Silveira2022	NACVFR_2566	28193268.0	26429993.6113	1.0053301313632743	0.9374576090753296	1.7632743887000009
posadasii	Silveira2022	NACVFR_4542	28193268.0	26493230.9647	1.0152826709908196	0.9397006038711084	1.7000370353000016
posadasii	Silveira2022	NM_0369	28193268.0	26640783.6498	1.0028315783044377	0.9449342179771426	1.5524843502000012
posadasii	Silveira2022	NM_3006	28193268.0	26500636.2199	0.9663109477056722	0.9399632642764223	1.6926317800999993
posadasii	Silveira2022	NM_4233	28193268.0	26106909.8998	0.9790084872388686	0.925998004197314	2.0863581002000013
posadasii	Silveira2022	NM_459	28193268.0	25191975.6603	0.9373153164790969	0.8935457805139866	3.0012923396999986
posadasii	Silveira2022	NM_4708	28193268.0	26341626.2152	0.9992366599714513	0.9343232652277133	1.8516417848000004
posadasii	Silveira2022	NM_5945	28193268.0	26397992.235600002	0.9765431516133568	0.9363225375504536	1.795275764399998
posadasii	Silveira2022	NM_9837	28193268.0	26549774.1049	0.9829564054085534	0.9417061585375629	1.6434938951000013
posadasii	Silveira2022	Nuevo_Leon_1	28193268.0	26656867.709200002	0.9968005366387465	0.9455047108834634	1.5364002907999978
posadasii	Silveira2022	Nuevo_Leon_2	28193268.0	26694285.0	0.9937297797474206	0.9468318819939568	1.498983
posadasii	Silveira2022	Phoenix_1	28193268.0	26633839.631899998	0.9965929676545479	0.9446879174099291	1.5594283681000025
posadasii	Silveira2022	Phoenix_2	28193268.0	26507133.1113	0.9849498551569119	0.9401937055079957	1.686134888700001
posadasii	Silveira2022	Phoenix_3	28193268.0	26411120.626000002	0.97688800904528	0.9367881944725245	1.782147373999998
posadasii	Silveira2022	Phoenix_4	28193268.0	26367159.7153	0.9689823086490008	0.935228924695782	1.8261082846999988
posadasii	Silveira2022	Phoenix_5	28193268.0	26686246.5366	1.0007069926764078	0.9465467620355328	1.5070214633999988
posadasii	Silveira2022	Phoenix_6	28193268.0	26613602.3978	1.0022938519578504	0.9439701136384756	1.5796656022000015
posadasii	Silveira2022	Phoenix_7	28193268.0	26659546.518799998	0.9933222902360946	0.9455997268142167	1.5337214812000022
posadasii	Silveira2022	Phoenix_8	28193268.0	26468165.0953	0.9776742971407216	0.9388115310115875	1.7251029047
posadasii	Silveira2022	Phoenix_9	28193268.0	26373574.04	0.985442579767624	0.9354564373310678	1.8196939600000008
posadasii	Silveira2022	SA12	28193268.0	26405461.777599998	0.9886485851870738	0.9365874781738676	1.7878062224000022
posadasii	Silveira2022	SA14	28193268.0	26659470.2474	1.023874303894107	0.9455970215088226	1.5337977525999993
posadasii	Silveira2022	SA2	28193268.0	26502579.2218	0.9988717785394726	0.9400321815051735	1.6906887782000006
posadasii	Silveira2022	SDVA10	28193268.0	26560251.3935	0.9755759376671056	0.9420777823095925	1.6330166064999998
posadasii	Silveira2022	SDVA14	28193268.0	26620020.6798	1.0017484483529897	0.9441977666370568	1.5732473202
posadasii	Silveira2022	SDVA16	28193268.0	26812754.5465	0.99030455653456	0.9510339328700739	1.380513453499999
posadasii	Silveira2022	SDVA20	28193268.0	26790096.3475	0.9826248184850369	0.9502302587802166	1.4031716524999998
posadasii	Silveira2022	SDVA25	28193268.0	26906592.187	0.9843194249066834	0.9543623033342569	1.2866758130000011
posadasii	Silveira2022	SDVA26	28193268.0	26783641.2367	0.9893489425206046	0.950001299483976	1.4096267633000017
posadasii	Silveira2022	SDVA27	28193268.0	26502653.8975	0.9847093896670652	0.9400348302119499	1.6906141024999992
posadasii	Silveira2022	SDVA42	28193268.0	26780798.4715	0.9862760389820718	0.9499004681365779	1.4124695284999982
posadasii	Silveira2022	SDVA45	28193268.0	27230025.365900002	0.9681606294452989	0.9658343036323424	0.9632426340999976
posadasii	Silveira2022	SDVA47	28193268.0	26866887.0193	0.977103576570123	0.9529539824648919	1.326380980700001
posadasii	Silveira2022	SDVA7	28193268.0	26886654.3231	0.9847698156524458	0.9536551180622268	1.3066136768999994
posadasii	Silveira2022	SDVA8	28193268.0	26647662.935000002	0.9987103384041893	0.9451782225104235	1.5456050649999977
posadasii	Silveira2022	SOIL_407-0_L_OLD_CPA0001	28193268.0	25689981.111500002	0.9661510624805894	0.9112097650935678	2.5032868884999977
posadasii	Silveira2022	SOIL_485B-0_L_OLD_CPA0020	28193268.0	26366315.8529	0.9873515597766104	0.935198993351888	1.8269521471000016
posadasii	Silveira2022	SOIL_573-2_L_NEW_CPA0035	28193268.0	26465477.6568	0.9874137928600544	0.9387162090184082	1.7277903431999981
posadasii	Silveira2022	SOIL_574-2_L_NEW_CPA0042	28193268.0	26505764.1162	0.9948347046181379	0.940145147990648	1.6875038838
posadasii	Silveira2022	SOIL_578-1_A_NEW_CPA0048	28193268.0	26543070.5262	0.9932186344271973	0.9414683862190081	1.6501974737999998
posadasii	Silveira2022	SOIL_580-1_L_NEW_CPA0055	28193268.0	25151474.2125	0.9241370647063689	0.8921092160192283	3.0417937875000014
posadasii	Silveira2022	SOIL_580-2_L_NEW_CPA0060	28193268.0	26562994.952600002	0.992594623475363	0.9421750948701655	1.6302730473999978
posadasii	Silveira2022	SOIL_580-4_L_NEW_CPA0062	28193268.0	26347684.0163	0.9904097485967217	0.9345381321633235	1.8455839836999997
posadasii	Silveira2022	SOIL_582-1_S_NEW_CPA0065	28193268.0	23691045.0	0.8661067599541848	0.8403085800482584	4.502223
posadasii	Silveira2022	SOIL_604-1_L_OLD_CPA066	28193268.0	25350190.2975	0.939398980813434	0.8991575683067319	2.8430777025000005
posadasii	Silveira2022	S_670	28193268.0	26352023.5744	0.9795777835332888	0.9346920539470628	1.8412444255999998
posadasii	Silveira2022	S_671	28193268.0	26416653.8888	0.983728486211673	0.936984456317728	1.7766141112000011
posadasii	Silveira2022	S_672	28193268.0	26283060.005	0.9729836571269425	0.9322459533602134	1.910207995000001
posadasii	Silveira2022	S_673	28193268.0	26412627.0121	0.9776823336691582	0.936841625174492	1.7806409879
posadasii	Silveira2022	S_674	28193268.0	26518569.3638	0.9912730742672328	0.9405993432120037	1.6746986361999996
posadasii	Silveira2022	S_675	28193268.0	26365139.579800002	0.9842519276587588	0.935157271579868	1.8281284201999977
posadasii	Silveira2022	S_676	28193268.0	26449437.150399998	0.9881152927713097	0.9381472609134918	1.7438308496000021
posadasii	Silveira2022	S_739	28193268.0	26559473.283299997	0.984754628374405	0.942050183160746	1.6337947167000026
posadasii	Silveira2022	S_740	28193268.0	26432775.8283	0.976728312517726	0.9375562928107518	1.7604921717000008
posadasii	Silveira2022	S_741	28193268.0	26440826.6075	0.9739433735032065	0.9378418496039551	1.7524413924999982
posadasii	Silveira2022	S_742	28193268.0	26417224.787100002	0.9799067050687419	0.9370047057723142	1.776043212899998
posadasii	Silveira2022	San_Antonio_1	28193268.0	26443102.381300002	0.991477416736506	0.9379225700724018	1.7501656186999976
posadasii	Silveira2022	Sonora_1	28193268.0	26156837.939	0.9808204848760349	0.927768924801481	2.036430061000001
posadasii	Silveira2022	Sonora_2	28193268.0	26614173.2389	0.9958327896219764	0.9439903610642086	1.5790947611000017
posadasii	Silveira2022	TX1	28193268.0	26650646.1681	0.9991273507916856	0.9452840361784238	1.5426218319000005
posadasii	Silveira2022	TX11	28193268.0	25320551.2588	0.9415528310871942	0.8981062876002881	2.8727167412
posadasii	Silveira2022	TX12	28193268.0	26392328.106200002	0.9909856775028705	0.936121633937577	1.8009398937999979
posadasii	Silveira2022	TX14	28193268.0	26277798.6924	0.9907627809589155	0.9320593374418319	1.9154693075999991
posadasii	Silveira2022	TX17	28193268.0	26341810.9021	0.9751268174019415	0.9343298159723804	1.8514570978999996
posadasii	Silveira2022	TX2	28193268.0	26484172.3728	0.9752680136265154	0.9393793005053547	1.7090956272
posadasii	Silveira2022	TX3	28193268.0	26762848.5471	0.9948035736758151	0.9492637940057179	1.4304194528999998
posadasii	Silveira2022	TX4	28193268.0	26665984.911399998	0.9948592207189318	0.9458280931249261	1.5272830886000022
posadasii	Silveira2022	TX5	28193268.0	26312857.0865	0.9778186381585845	0.9333028397594774	1.8804109134999998
posadasii	Silveira2022	TX6	28193268.0	26422489.2002	0.9874466746104069	0.9371914316637574	1.770778799800001
posadasii	Silveira2022	TX8	28193268.0	25975766.6201	0.9684754162944147	0.9213464228446309	2.217501379900001
posadasii	Silveira2022	TX9	28193268.0	26313025.5162	0.9733786235068599	0.9333088138700345	1.8802424838000014
posadasii	Silveira2022	Tucson_1	28193268.0	26821728.1675	1.011489265806291	0.9513522223638636	1.3715398324999994
posadasii	Silveira2022	Tucson_10	28193268.0	26358614.5523	0.9852020213477913	0.9349258323760126	1.8346534477000014
posadasii	Silveira2022	Tucson_11	28193268.0	26401509.325	1.004525421210482	0.9364472868132917	1.7917586750000007
posadasii	Silveira2022	Tucson_12	28193268.0	26308814.8312	0.9801873526687293	0.9331594631455992	1.8844531688000001
posadasii	Silveira2022	Tucson_13	28193268.0	26510851.9228	0.9786452885135557	0.9403256097448511	1.6824160771999992
posadasii	Silveira2022	Tucson_14	28193268.0	26550472.2139	0.9903121443743236	0.9417309200870222	1.6427957861000002
posadasii	Silveira2022	Tucson_15	28193268.0	26572816.7783	0.9972834870012232	0.9425234697268865	1.6204512217000016
posadasii	Silveira2022	Tucson_16	28193268.0	26547694.809100002	1.0005630180226004	0.9416324070377369	1.645573190899998
posadasii	Silveira2022	Tucson_17	28193268.0	26364006.4485	0.981688726046232	0.93511708002421	1.8292615515000001
posadasii	Silveira2022	Tucson_18	28193268.0	26651559.8975	1.0008977258329896	0.9453164456671004	1.541708102499999
posadasii	Silveira2022	Tucson_19	28193268.0	26274051.1061	0.9857339857514922	0.9319264125783503	1.9192168938999996
posadasii	Silveira2022	Tucson_2	28193268.0	26372376.5504	1.0066087677384543	0.9354139630212432	1.8208914496
posadasii	Silveira2022	Tucson_20	28193268.0	26454501.1644	1.0011422875489282	0.9383268787570139	1.7387668356
posadasii	Silveira2022	Tucson_21	28193268.0	26572888.02	0.9962168549243741	0.9425259966315362	1.6203799800000005
posadasii	Silveira2022	Tucson_22	28193268.0	26439844.2177	0.9854382062412914	0.9378070047679468	1.7534237822999992
posadasii	Silveira2022	Tucson_23	28193268.0	26222639.46	0.9666308338572173	0.9301028692381458	1.9706285399999992
posadasii	Silveira2022	Tucson_24	28193268.0	26495376.6904	0.9939981891067046	0.9397767116036353	1.6978913095999992
posadasii	Silveira2022	Tucson_3	28193268.0	26368821.4529	0.9857428970277585	0.935287865631611	1.8244465471
posadasii	Silveira2022	Tucson_4	28193268.0	26522230.04	0.9954438414163268	0.9407291854211438	1.671037960000001
posadasii	Silveira2022	Tucson_5	28193268.0	26737953.3728	0.9898863969937788	0.9483807756092696	1.4553146272
posadasii	Silveira2022	Tucson_6	28193268.0	26030563.798100002	0.9713389294564929	0.9232900491741505	2.162704201899998
posadasii	Silveira2022	Tucson_7	28193268.0	26626803.984899998	1.0118090772591528	0.9444383668079911	1.5664640151000022
posadasii	Silveira2022	Tucson_8	28193268.0	26341605.5705	0.9832167602918541	0.9343225329713463	1.8516624294999986
posadasii	Silveira2022	Tucson_9	28193268.0	26416326.39	0.9813733344073486	0.9369728401120437	1.7769416099999995
posadasii	Silveira2022	UCSF_10AZ	28193268.0	26151587.078500003	0.9849687250161989	0.9275826796134454	2.0416809214999976
posadasii	Silveira2022	UCSF_3490AZ	28193268.0	26747099.0026	0.9937704622252376	0.9487051661623619	1.4461689974000007
posadasii	Silveira2022	UCSF_5AZ	28193268.0	25828432.9752	0.9609466501719489	0.9161205779762743	2.3648350247999987
posadasii	Silveira2022	UCSF_9AZ	28193268.0	26394981.318800002	0.9714300190740569	0.9362157419565551	1.7982866811999976
posadasii	Silveira2022	UCSF_Cp_Silveira	28193268.0	27110984.0	0.9648189773530333	0.9616119706307193	1.082284
posadasii	Silveira2022	UTAH_31331	28193268.0	26371169.8514	0.9866019584178748	0.935371162058971	1.822098148600001
posadasii	Silveira2022	UTAH_350355	28193268.0	26438927.095200002	0.9880560819696389	0.9377744749278446	1.7543409047999978
posadasii	Silveira2022	UTAH_9443	28193268.0	26999019.9885	1.0923771875612291	0.9576406675700029	1.194248011500001
posadasii	Silveira2022	UTAH_9737	28193268.0	26043893.674000002	0.9637501619890251	0.9237628526781643	2.1493743259999976
posadasii	Silveira2022	VFC054_7SA	28193268.0	22992554.0	0.8341977240807983	0.8155334812551706	5.200714
posadasii	Silveira2022	VFC083	28193268.0	25783207.9303	0.9573057373128933	0.9145164700417135	2.4100600696999988
posadasii	Silveira2022	VFC084_CPA0067	28193268.0	25500916.83	0.9386325833174076	0.9045037570671125	2.6923511700000016
posadasii	Silveira2022	VFC085_CPA0068	28193268.0	26260888.0862	0.9882311456763367	0.931459527366604	1.932379913800001
posadasii	Silveira2022	VFC087	28193268.0	26027832.2115	0.9712496706660612	0.9231931612716908	2.1654357885
posadasii	Silveira2022	VFC088	28193268.0	26015464.9075	0.9578900936564005	0.9227544996734681	2.1778030925000014
posadasii	Silveira2022	VFC090	28193268.0	25267309.6115	0.9187830250469722	0.8962178351051747	2.925958388500001
posadasii	Silveira2022	VFC091	28193268.0	26212923.7652	0.9700009996003301	0.9297582587871687	1.9803442347999998
posadasii	Silveira2022	VFC092	28193268.0	26176397.0	0.9684396998602646	0.9284626741390888	2.016871
posadasii	Silveira2022	VFC093	28193268.0	26259677.8344	0.9648530137761966	0.9314166003884331	1.9335901656000019
posadasii	Silveira2022	WA31	28193268.0	26234582.464	0.9883808597144539	0.930526481144364	1.9586855359999984
