id	label	cluster
YIR019C	1	YIR019C
YNR044W	1	YNR044W
YGL032C	0	YGL032C
YAR050W	1	YAR050W
YKR102W	1	YAR050W
YHR211W	1	YAR050W
YAL063C	1	YAR050W
YJR004C	1	YJR004C
YDL037C	0	YDL037C
YIL169C	0	YOL155C
YOL155C	1	YOL155C
YAL064C-A	0	YAL064C-A
YLR110C	1	YLR110C
YGR189C	0	YGR189C
YLR286C	0	YLR286C
YBR078W	0	YBR078W
YLR300W	0	YLR300W
YMR058W	0	YMR058W
YDR534C	1	YDR534C
YMR307W	0	YMR307W
YDR420W	1	YDR420W
YJL159W	1	YKL164C
YJL174W	0	YJL174W
YLR332W	0	YLR332W
YGR014W	1	YGR014W
YKL164C	1	YKL164C
YOR008C	0	YOR008C
YNL066W	0	YNL066W
YEL040W	0	YEL040W
YNL283C	0	YNL283C
YLR120C	0	YLR120C
YJR150C	0	YJR150C
YJR151C	1	YJR151C
YNL327W	1	YNL327W
YDR077W	1	YDR077W
YER011W	1	YER011W
YIL011W	0	YER011W
YOR009W	1	YER011W
YER027C	0	YER027C
YFL014W	0	YFL014W
YDR043C	0	YBR066C
YBR066C	0	YBR066C
YIL084C	0	YIL084C
YOR315W	0	YOR315W
