order,group,n,has_pfam,has_cazy,has_merops,has_signal_peptide,has_tm_helix
Acarosporales,adhesion,382,0.31675392670157065,0.1256544502617801,0.0,0.6596858638743456,0.15706806282722513
Acrospermales,adhesion,137,0.4233576642335766,0.22627737226277372,0.0072992700729927005,0.7956204379562044,0.19708029197080293
Agaricales,adhesion,50905,0.4318239858560063,0.2605834397406934,0.00461644239269227,0.6076809743640114,0.12851389843826735
Agaricostilbales,adhesion,232,0.25,0.12931034482758622,0.008620689655172414,0.6724137931034483,0.09913793103448276
Alaninales,adhesion,924,0.5725108225108225,0.1331168831168831,0.006493506493506494,0.7564935064935064,0.170995670995671
Alloascoideales,adhesion,309,0.3300970873786408,0.13915857605177995,0.032362459546925564,0.7313915857605178,0.1423948220064725
Amylocorticiales,adhesion,241,0.5145228215767634,0.27385892116182575,0.004149377593360996,0.7468879668049793,0.13692946058091288
Archaeosporales,adhesion,575,0.34956521739130436,0.04521739130434783,0.0034782608695652175,0.36,0.3026086956521739
Arthoniales,adhesion,315,0.2857142857142857,0.1111111111111111,0.0031746031746031746,0.6952380952380952,0.12698412698412698
Ascoideales,adhesion,2618,0.5443086325439267,0.16424751718869365,0.0038197097020626434,0.8227654698242933,0.1359816653934301
Atheliales,adhesion,644,0.4472049689440994,0.2515527950310559,0.017080745341614908,0.656832298136646,0.13509316770186336
Atractiellales,adhesion,109,0.28440366972477066,0.10091743119266056,0.0,0.6972477064220184,0.11926605504587157
Aulographales,adhesion,360,0.325,0.18055555555555555,0.002777777777777778,0.65,0.15833333333333333
Auriculariales,adhesion,1623,0.42637091805298827,0.19346888478126925,0.0036968576709796672,0.7344423906346272,0.12322858903265557
Basidiobolales,adhesion,953,0.2675760755508919,0.10388247639034627,0.0,0.6789087093389297,0.07345225603357818
Blastocladiales,adhesion,786,0.22519083969465647,0.04961832061068702,0.0,0.573791348600509,0.27735368956743
Boletales,adhesion,25603,0.5607936569933211,0.24055774713900716,0.03897980705386087,0.4384642424715854,0.12475100574151467
Botryosphaeriales,adhesion,8644,0.3791068949560389,0.23507635354002776,0.0024294308190652477,0.7397038408144377,0.0939379916705229
Caliciales,adhesion,433,0.2748267898383372,0.14318706697459585,0.0,0.625866050808314,0.13625866050808313
Calosphaeriales,adhesion,198,0.4292929292929293,0.2727272727272727,0.010101010101010102,0.6060606060606061,0.11616161616161616
Candelariales,adhesion,357,0.2605042016806723,0.13725490196078433,0.0,0.6722689075630253,0.16526610644257703
Cantharellales,adhesion,5954,0.5655021834061136,0.341619079610346,0.0038629492777964396,0.618743701713134,0.14662411823983876
Capnodiales,adhesion,705,0.3574468085106383,0.1900709219858156,0.0,0.6907801418439716,0.1276595744680851
Caulochytriales,adhesion,47,0.23404255319148937,0.06382978723404255,0.0,0.7021276595744681,0.1702127659574468
Cephalothecales,adhesion,345,0.42028985507246375,0.22318840579710145,0.017391304347826087,0.7913043478260869,0.12173913043478261
Ceraceosorales,adhesion,82,0.2682926829268293,0.13414634146341464,0.0,0.8414634146341463,0.15853658536585366
Chaetomellales,adhesion,186,0.4946236559139785,0.27419354838709675,0.016129032258064516,0.7741935483870968,0.06989247311827956
Chaetosphaeriales,adhesion,506,0.44861660079051385,0.22727272727272727,0.009881422924901186,0.7312252964426877,0.07707509881422925
Chaetothyriales,adhesion,7050,0.3975886524822695,0.24723404255319148,0.000851063829787234,0.6917730496453901,0.13560283687943261
Chytridiales,adhesion,4990,0.26092184368737475,0.07194388777555111,0.004609218436873747,0.5733466933867736,0.15671342685370743
Cladochytriales,adhesion,667,0.4197901049475262,0.19640179910044978,0.01649175412293853,0.5262368815592204,0.20689655172413793
Cladosporiales,adhesion,5652,0.3865888181174805,0.24734607218683652,0.0005307855626326964,0.694621372965322,0.07820240622788394
Coniochaetales,adhesion,1953,0.3870967741935484,0.2519201228878648,0.007680491551459293,0.7060931899641577,0.09882232462877624
Coniocybales,adhesion,188,0.2765957446808511,0.16489361702127658,0.010638297872340425,0.8085106382978723,0.09042553191489362
Coronophorales,adhesion,1111,0.45994599459945995,0.11431143114311432,0.0054005400540054005,0.4878487848784879,0.1251125112511251
Corticiales,adhesion,437,0.41876430205949655,0.2151029748283753,0.018306636155606407,0.6636155606407322,0.13729977116704806
Cyphobasidiales,adhesion,40,0.225,0.05,0.025,0.675,0.175
Cystobasidiales,adhesion,707,0.2446958981612447,0.07496463932107496,0.002828854314002829,0.652050919377652,0.18104667609618105
Cystofilobasidiales,adhesion,1143,0.42694663167104113,0.1889763779527559,0.0,0.7139107611548556,0.14785651793525809
Dacrymycetales,adhesion,361,0.3601108033240997,0.1883656509695291,0.019390581717451522,0.6343490304709142,0.16066481994459833
Diaporthales,adhesion,13567,0.40141519864376796,0.2537038402004865,0.008623866735461045,0.735461045183165,0.10238077688508881
Dimargaritales,adhesion,429,0.3076923076923077,0.1351981351981352,0.0,0.7808857808857809,0.08391608391608392
Dipodascales,adhesion,15432,0.28758424053913945,0.11301192327630896,0.011404872991187144,0.7126101607050285,0.12039917055469156
Diversisporales,adhesion,4759,0.5215381382643413,0.05085101912166422,0.0008405127127547804,0.22693843244379072,0.18680395040974995
Dothideales,adhesion,7123,0.3744208900744069,0.1818054190650007,0.00014039028499227853,0.7266601151200337,0.1111891057138846
Endogonales,adhesion,611,0.2733224222585925,0.058919803600654665,0.0,0.5040916530278232,0.19967266775777415
Entomophthorales,adhesion,1981,0.1812216052498738,0.11357900050479555,0.004038364462392731,0.6839979808177689,0.04139323573952549
Entrophosporales,adhesion,250,0.336,0.076,0.012,0.348,0.424
Entylomatales,adhesion,39,0.28205128205128205,0.07692307692307693,0.0,0.8205128205128205,0.15384615384615385
Eremomycetales,adhesion,87,0.2988505747126437,0.19540229885057472,0.0,0.6896551724137931,0.12643678160919541
Erysiphales,adhesion,567,0.30864197530864196,0.15343915343915343,0.0,0.5943562610229277,0.13756613756613756
Erythrobasidiales,adhesion,184,0.266304347826087,0.08152173913043478,0.005434782608695652,0.6413043478260869,0.1358695652173913
Eurotiales,adhesion,65072,0.4106067125645439,0.2519977870666339,0.005025202852225227,0.7944430784361938,0.09779936070813867
Exobasidiales,adhesion,265,0.2490566037735849,0.1471698113207547,0.0,0.7622641509433963,0.26037735849056604
Filobasidiales,adhesion,1303,0.5349194167306216,0.23637759017651575,0.0,0.7774366845740599,0.1696085955487337
Geastrales,adhesion,307,0.48859934853420195,0.247557003257329,0.0,0.5472312703583062,0.14006514657980457
Geminibasidiales,adhesion,78,0.358974358974359,0.1282051282051282,0.0,0.48717948717948717,0.1794871794871795
Geoglossales,adhesion,919,0.3852013057671382,0.12622415669205658,0.01088139281828074,0.4591947769314472,0.14907508161044614
Georgefischeriales,adhesion,11,0.45454545454545453,0.2727272727272727,0.0,0.5454545454545454,0.36363636363636365
Gloeophyllales,adhesion,269,0.35315985130111527,0.18587360594795538,0.007434944237918215,0.7026022304832714,0.09665427509293681
Glomerales,adhesion,3235,0.5483771251931994,0.04204018547140649,0.0012364760432766616,0.2806800618238022,0.22071097372488407
Glomerellales,adhesion,23969,0.4090283282573324,0.25537152154866705,0.0006258083357670324,0.7795903041428511,0.09107597313196211
Golubeviales,adhesion,244,0.1762295081967213,0.0942622950819672,0.0,0.7581967213114754,0.13114754098360656
Gomphales,adhesion,758,0.38258575197889183,0.11609498680738786,0.002638522427440633,0.2955145118733509,0.11345646437994723
Harpellales,adhesion,1270,0.15669291338582678,0.07322834645669292,0.030708661417322834,0.6291338582677165,0.11496062992125984
Helotiales,adhesion,31960,0.3968397997496871,0.24637046307884855,0.006007509386733416,0.7228410513141427,0.11295369211514393
Herpomycetales,adhesion,25,0.2,0.16,0.0,0.56,0.12
Holtermanniales,adhesion,111,0.45045045045045046,0.1981981981981982,0.0,0.7657657657657657,0.1981981981981982
Hymenochaetales,adhesion,2325,0.46580645161290324,0.2623655913978495,0.005591397849462366,0.6580645161290323,0.14666666666666667
Hypocreales,adhesion,111096,0.32268488514437965,0.16086987830344926,0.0076150356448477,0.7649420321163678,0.08221718153668899
Hysterangiales,adhesion,227,0.2599118942731278,0.07488986784140969,0.0,0.23788546255506607,0.1013215859030837
Hysteriales,adhesion,371,0.3935309973045822,0.2668463611859838,0.0026954177897574125,0.6954177897574124,0.11320754716981132
Jaapiales,adhesion,90,0.4444444444444444,0.26666666666666666,0.0,0.6333333333333333,0.17777777777777778
Kickxellales,adhesion,12911,0.2835566571140888,0.2835566571140888,0.0016265200216869337,0.6900317558670901,0.08558593447447913
Kriegeriales,adhesion,306,0.37254901960784315,0.11764705882352941,0.0,0.5947712418300654,0.14705882352941177
Lecanorales,adhesion,4757,0.2791675425688459,0.13727138953121715,0.0006306495690561278,0.6085768341391633,0.1429472356527223
Leotiales,adhesion,220,0.45,0.21818181818181817,0.00909090909090909,0.7045454545454546,0.18636363636363637
Leucosporidiales,adhesion,369,0.3035230352303523,0.13008130081300814,0.0,0.7100271002710027,0.11382113821138211
Lichinales,adhesion,394,0.32741116751269034,0.1598984771573604,0.0,0.700507614213198,0.15736040609137056
Lineolatales,adhesion,107,0.3644859813084112,0.24299065420560748,0.0,0.7009345794392523,0.06542056074766354
Lipomycetales,adhesion,1493,0.522438044206296,0.34963161419959815,0.0026791694574681848,0.6925653047555258,0.3382451440053583
Lobulomycetales,adhesion,247,0.32793522267206476,0.06072874493927125,0.008097165991902834,0.562753036437247,0.09716599190283401
Lulworthiales,adhesion,179,0.3743016759776536,0.2569832402234637,0.0,0.8100558659217877,0.11731843575418995
Magnaporthales,adhesion,4288,0.3654384328358209,0.2115205223880597,0.005130597014925373,0.7726212686567164,0.11543843283582089
Malasseziales,adhesion,198,0.37373737373737376,0.2676767676767677,0.0,0.51010101010101,0.2222222222222222
Marthamycetales,adhesion,162,0.4012345679012346,0.2654320987654321,0.012345679012345678,0.7716049382716049,0.12962962962962962
Microascales,adhesion,8572,0.32711152589827347,0.2238684087727485,0.0006999533364442371,0.8145123658422772,0.1189920671955203
Microbotryales,adhesion,451,0.22172949002217296,0.07317073170731707,0.011086474501108648,0.7117516629711752,0.1662971175166297
Microstromatales,adhesion,263,0.2585551330798479,0.08365019011406843,0.0,0.8136882129277566,0.20152091254752852
Microthyriales,adhesion,200,0.27,0.17,0.0,0.695,0.08
Mixiales,adhesion,40,0.3,0.075,0.0,0.725,0.15
Moniliellales,adhesion,86,0.32558139534883723,0.19767441860465115,0.0,0.4069767441860465,0.05813953488372093
Monoblepharidales,adhesion,499,0.27054108216432865,0.08817635270541083,0.022044088176352707,0.5991983967935872,0.312625250501002
Mortierellales,adhesion,4923,0.32764574446475725,0.06256347755433679,0.0008125126955108674,0.6624009750152346,0.2230347349177331
Mucorales,adhesion,8625,0.41379710144927534,0.12718840579710144,0.00023188405797101448,0.6573913043478261,0.17205797101449274
Mycosphaerellales,adhesion,15456,0.3190993788819876,0.1797360248447205,0.0010351966873706005,0.6577380952380952,0.10287267080745342
Myriangiales,adhesion,1644,0.3193430656934307,0.1575425790754258,0.0,0.7001216545012166,0.09306569343065693
Mytilinidiales,adhesion,556,0.38669064748201437,0.21942446043165467,0.0017985611510791368,0.6726618705035972,0.13129496402877697
Neocallimastigales,adhesion,5311,0.48145358689512335,0.08397665223121822,0.004895499905855771,0.45565806816042176,0.08774242138956882
Neolectales,adhesion,36,0.4166666666666667,0.1388888888888889,0.0,0.5555555555555556,0.16666666666666666
Onygenales,adhesion,5353,0.36633663366336633,0.20100878012329534,0.0024285447412665793,0.7450028021670092,0.15841584158415842
Ophiostomatales,adhesion,8935,0.3433687744823727,0.2016787912702854,0.005260212646894236,0.7679910464465585,0.13698936765528819
Orbiliales,adhesion,7964,0.30763435459568056,0.1307132094424912,0.0016323455549974886,0.7736062280261176,0.13648920140632848
Ostropales,adhesion,744,0.3575268817204301,0.1881720430107527,0.004032258064516129,0.717741935483871,0.10080645161290322
Paraglomerales,adhesion,339,0.6106194690265486,0.011799410029498525,0.0,0.36283185840707965,0.23303834808259588
Patellariales,adhesion,126,0.3253968253968254,0.23809523809523808,0.0,0.7063492063492064,0.0873015873015873
Peltigerales,adhesion,538,0.2825278810408922,0.13011152416356878,0.0,0.6022304832713755,0.16356877323420074
Peribolosporales,adhesion,80,0.3,0.1125,0.025,0.6875,0.2875
Pertusariales,adhesion,457,0.3851203501094092,0.19037199124726478,0.006564551422319475,0.7024070021881839,0.13129102844638948
Pezizales,adhesion,12856,0.3757000622277536,0.21950840074673306,0.0017112632233976354,0.7151524579962664,0.15588052271313005
Phacidiales,adhesion,560,0.43392857142857144,0.24464285714285713,0.005357142857142857,0.7892857142857143,0.08928571428571429
Phaeomoniellales,adhesion,254,0.4409448818897638,0.25984251968503935,0.0,0.7598425196850394,0.14173228346456693
Phaeotrichales,adhesion,136,0.25735294117647056,0.18382352941176472,0.0,0.8088235294117647,0.16176470588235295
Phaffomycetales,adhesion,8112,0.6253698224852071,0.11476824457593689,0.016148915187376725,0.7682445759368837,0.1258629191321499
Phallales,adhesion,613,0.3800978792822186,0.2740619902120718,0.0,0.5693311582381729,0.15171288743882544
Phyllachorales,adhesion,97,0.3402061855670103,0.20618556701030927,0.010309278350515464,0.7010309278350515,0.18556701030927836
Physodermatales,adhesion,152,0.46710526315789475,0.046052631578947366,0.0,0.40131578947368424,0.3355263157894737
Pichiales,adhesion,9920,0.5368951612903226,0.12893145161290323,0.009778225806451614,0.7352822580645161,0.1309475806451613
Pleosporales,adhesion,34727,0.3962622743110548,0.23647306130676418,0.0007486969792956489,0.7499352089152532,0.08903734846085179
Pneumocystales,adhesion,365,0.8986301369863013,0.0027397260273972603,0.0,0.273972602739726,0.057534246575342465
Polychytriales,adhesion,187,0.2887700534759358,0.12299465240641712,0.0053475935828877,0.6844919786096256,0.13903743315508021
Polyporales,adhesion,11587,0.4128764995253301,0.21808923793906965,0.006213860360749115,0.7482523517735393,0.14637093294209028
Pucciniales,adhesion,2694,0.21492204899777284,0.085003711952487,0.0033407572383073497,0.43838158871566446,0.14253897550111358
Pyrenulales,adhesion,338,0.363905325443787,0.21005917159763313,0.0029585798816568047,0.7159763313609467,0.11538461538461539
Racodiales,adhesion,231,0.4025974025974026,0.23809523809523808,0.0,0.7445887445887446,0.08225108225108226
Ramicandelaberales,adhesion,120,0.16666666666666666,0.03333333333333333,0.0,0.8666666666666667,0.25
Rhizocarpales,adhesion,140,0.2714285714285714,0.16428571428571428,0.0,0.6,0.17857142857142858
Rhizophlyctidales,adhesion,281,0.4234875444839858,0.21352313167259787,0.0035587188612099642,0.6619217081850534,0.10676156583629894
Rhizophydiales,adhesion,976,0.2899590163934426,0.04815573770491803,0.00819672131147541,0.5973360655737705,0.12807377049180327
Russulales,adhesion,5177,0.4769171334749855,0.24319103728027816,0.006567510141008306,0.6071083639173266,0.14680316785783273
Saccharomycetales,adhesion,10896,0.67318281938326,0.1301395007342144,0.003212187958883994,0.7024596182085169,0.16868575624082233
Saccharomycodales,adhesion,1209,0.707196029776675,0.10752688172043011,0.028122415219189414,0.6757650951199339,0.12985938792390406
Sanchytriales,adhesion,28,0.21428571428571427,0.07142857142857142,0.0,0.10714285714285714,0.0
Sareales,adhesion,78,0.34615384615384615,0.16666666666666666,0.0,0.717948717948718,0.19230769230769232
Sarrameanales,adhesion,210,0.3523809523809524,0.14761904761904762,0.014285714285714285,0.6904761904761905,0.1380952380952381
Schizosaccharomycetales,adhesion,195,0.6,0.17435897435897435,0.0,0.8615384615384616,0.1641025641025641
Sebacinales,adhesion,1334,0.5389805097451275,0.23463268365817092,0.0007496251874062968,0.5292353823088456,0.11619190404797601
Serinales,adhesion,29673,0.5917163751558656,0.10787584672934991,0.0036733731001246926,0.7417854615306845,0.12374886260236578
Sordariales,adhesion,19983,0.41009858379622677,0.24525846969924436,0.007406295351048391,0.7564429765300505,0.11119451533803733
Spizellomycetales,adhesion,719,0.29902642559109877,0.09596662030598054,0.004172461752433936,0.6773296244784422,0.23783031988873435
Sporidiobolales,adhesion,1747,0.432169433314253,0.13680595306239268,0.0,0.7515741270749857,0.11906124785346307
Sporopachydermiales,adhesion,117,0.358974358974359,0.1452991452991453,0.0,0.7863247863247863,0.1623931623931624
Symbiotaphrinales,adhesion,87,0.3563218390804598,0.19540229885057472,0.0,0.5862068965517241,0.12643678160919541
Synchytriales,adhesion,118,0.3474576271186441,0.23728813559322035,0.00847457627118644,0.6610169491525424,0.23728813559322035
Taphrinales,adhesion,1158,0.43523316062176165,0.12176165803108809,0.0,0.6994818652849741,0.1381692573402418
Teloschistales,adhesion,2332,0.32246998284734135,0.1320754716981132,0.001286449399656947,0.7238421955403087,0.13936535162950256
Thelebolales,adhesion,4041,0.47240781984657265,0.2640435535758476,0.002722098490472655,0.7802524127691166,0.10690423162583519
Thelephorales,adhesion,205,0.34146341463414637,0.16585365853658537,0.00975609756097561,0.6292682926829268,0.1902439024390244
Thelocarpales,adhesion,149,0.33557046979865773,0.20134228187919462,0.0,0.7248322147651006,0.12751677852348994
Tilletiales,adhesion,847,0.15702479338842976,0.043683589138134596,0.0,0.7579693034238488,0.2255017709563164
Togniniales,adhesion,229,0.45414847161572053,0.2838427947598253,0.008733624454148471,0.6986899563318777,0.11353711790393013
Trapeliales,adhesion,1685,0.3614243323442137,0.15548961424332344,0.006528189910979229,0.6142433234421365,0.14480712166172108
Trechisporales,adhesion,249,0.5020080321285141,0.2971887550200803,0.0,0.6626506024096386,0.15261044176706828
Tremellales,adhesion,5221,0.45297835663665964,0.1930664623635319,0.0003830683777054204,0.801762114537445,0.14863053054970313
Trichosporonales,adhesion,7579,0.358226678981396,0.1567489114658926,0.004090249373268241,0.8118485288296609,0.10397150019791529
Trigonopsidales,adhesion,1571,0.21578612348822407,0.04519414385741566,0.002546148949713558,0.4532145130490134,0.09548058561425843
Trypetheliales,adhesion,1532,0.3524804177545692,0.21997389033942558,0.0,0.5815926892950392,0.11422976501305483
Umbelopsidales,adhesion,469,0.488272921108742,0.20042643923240938,0.0021321961620469083,0.6332622601279317,0.13646055437100213
Umbilicariales,adhesion,1286,0.3631415241057543,0.16485225505443235,0.0,0.5124416796267496,0.187402799377916
Urocystidales,adhesion,90,0.25555555555555554,0.16666666666666666,0.0,0.6444444444444445,0.13333333333333333
Ustilaginales,adhesion,1513,0.317911434236616,0.23132848645076007,0.0006609385327164573,0.8129543952412426,0.2465300727032386
Valsariales,adhesion,120,0.4083333333333333,0.26666666666666666,0.0,0.7916666666666666,0.14166666666666666
Venturiales,adhesion,2053,0.3010228933268388,0.1914271797369703,0.0,0.6965416463711641,0.1130053580126644
Verrucariales,adhesion,164,0.31097560975609756,0.15853658536585366,0.0,0.6219512195121951,0.17073170731707318
Vezdaeales,adhesion,166,0.3072289156626506,0.18072289156626506,0.0,0.7530120481927711,0.10843373493975904
Violaceomycetales,adhesion,47,0.3404255319148936,0.2127659574468085,0.0,0.6595744680851063,0.2765957446808511
Wallemiales,adhesion,53,0.4528301886792453,0.33962264150943394,0.0,0.7547169811320755,0.09433962264150944
Xylariales,adhesion,37218,0.38032672362835185,0.2212907732817454,0.005776774678918802,0.7326562416035252,0.11045730560481487
Xylobotryales,adhesion,156,0.358974358974359,0.23717948717948717,0.00641025641025641,0.7884615384615384,0.10897435897435898
Xylonales,adhesion,68,0.35294117647058826,0.19117647058823528,0.0,0.6764705882352942,0.1323529411764706
Zoopagales,adhesion,983,0.3031536113936928,0.0508646998982706,0.00508646998982706,0.6856561546286877,0.15869786368260427
Acarosporales,background,382,0.7068062827225131,0.020942408376963352,0.020942408376963352,0.03664921465968586,0.20418848167539266
Acrospermales,background,137,0.781021897810219,0.0364963503649635,0.029197080291970802,0.043795620437956206,0.15328467153284672
Agaricales,background,50905,0.5376092721736568,0.03386700717021904,0.024948433356251843,0.057656418819369414,0.14601709065907081
Agaricostilbales,background,232,0.6724137931034483,0.021551724137931036,0.017241379310344827,0.05172413793103448,0.20689655172413793
Alaninales,background,924,0.8560606060606061,0.030303030303030304,0.03354978354978355,0.04112554112554113,0.20562770562770563
Alloascoideales,background,309,0.8090614886731392,0.019417475728155338,0.05177993527508091,0.022653721682847898,0.1779935275080906
Amylocorticiales,background,241,0.7468879668049793,0.029045643153526972,0.04149377593360996,0.016597510373443983,0.13278008298755187
Archaeosporales,background,575,0.42086956521739133,0.008695652173913044,0.006956521739130435,0.02434782608695652,0.12869565217391304
Arthoniales,background,315,0.6952380952380952,0.02857142857142857,0.01904761904761905,0.06031746031746032,0.13333333333333333
Ascoideales,background,2618,0.8086325439266616,0.030557677616501147,0.03896103896103896,0.05118411000763942,0.1990068754774637
Atheliales,background,644,0.5822981366459627,0.03571428571428571,0.021739130434782608,0.052795031055900624,0.16459627329192547
Atractiellales,background,109,0.6422018348623854,0.03669724770642202,0.009174311926605505,0.03669724770642202,0.13761467889908258
Aulographales,background,360,0.7055555555555556,0.041666666666666664,0.016666666666666666,0.058333333333333334,0.19444444444444445
Auriculariales,background,1623,0.5779420825631546,0.053604436229205174,0.027726432532347505,0.07948243992606285,0.14910659272951324
Basidiobolales,background,953,0.7502623294858342,0.02728226652675761,0.035676810073452254,0.08604407135362015,0.17418677859391396
Blastocladiales,background,786,0.6743002544529262,0.011450381679389313,0.035623409669211195,0.054707379134860054,0.22137404580152673
Boletales,background,25603,0.5835253681209234,0.019255555989532477,0.024801781041284224,0.027692067335859077,0.13057063625356405
Botryosphaeriales,background,8644,0.726399814900509,0.04384544192503471,0.026723739009717723,0.07207311429893568,0.19354465525219805
Caliciales,background,433,0.6535796766743649,0.03002309468822171,0.03002309468822171,0.05542725173210162,0.15473441108545036
Calosphaeriales,background,198,0.8080808080808081,0.05555555555555555,0.03535353535353535,0.050505050505050504,0.23232323232323232
Candelariales,background,357,0.7254901960784313,0.011204481792717087,0.03081232492997199,0.06722689075630252,0.15406162464985995
Cantharellales,background,5954,0.6054753107154854,0.03459858918374202,0.02502519314746389,0.049714477662075915,0.14326503191132012
Capnodiales,background,705,0.7673758865248227,0.0425531914893617,0.02553191489361702,0.05815602836879433,0.19858156028368795
Caulochytriales,background,47,0.6595744680851063,0.0425531914893617,0.02127659574468085,0.0851063829787234,0.0851063829787234
Cephalothecales,background,345,0.7478260869565218,0.05217391304347826,0.03188405797101449,0.07536231884057971,0.19710144927536233
Ceraceosorales,background,82,0.7195121951219512,0.0,0.024390243902439025,0.04878048780487805,0.18292682926829268
Chaetomellales,background,186,0.8333333333333334,0.021505376344086023,0.05913978494623656,0.08064516129032258,0.15591397849462366
Chaetosphaeriales,background,506,0.7470355731225297,0.043478260869565216,0.037549407114624504,0.08102766798418973,0.20948616600790515
Chaetothyriales,background,7050,0.7587234042553191,0.028085106382978724,0.02794326241134752,0.04156028368794326,0.19021276595744682
Chytridiales,background,4990,0.6424849699398798,0.02785571142284569,0.0312625250501002,0.053907815631262526,0.21342685370741482
Cladochytriales,background,667,0.5922038980509745,0.019490254872563718,0.019490254872563718,0.053973013493253376,0.17691154422788605
Cladosporiales,background,5652,0.7376150035385705,0.052547770700636945,0.027600849256900213,0.0697098372257608,0.18630573248407642
Coniochaetales,background,1953,0.7414234511008705,0.044034818228366614,0.02457757296466974,0.06963645673323093,0.1894521249359959
Coniocybales,background,188,0.7553191489361702,0.02127659574468085,0.015957446808510637,0.05319148936170213,0.18085106382978725
Coronophorales,background,1111,0.6948694869486949,0.037803780378037805,0.027002700270027002,0.0774077407740774,0.19891989198919893
Corticiales,background,437,0.6498855835240275,0.04576659038901602,0.02517162471395881,0.059496567505720827,0.16018306636155608
Cyphobasidiales,background,40,0.65,0.0,0.0,0.025,0.1
Cystobasidiales,background,707,0.7567185289957568,0.03536067892503536,0.0297029702970297,0.04101838755304102,0.18528995756718528
Cystofilobasidiales,background,1143,0.7419072615923009,0.03937007874015748,0.031496062992125984,0.03587051618547681,0.19072615923009623
Dacrymycetales,background,361,0.667590027700831,0.024930747922437674,0.030470914127423823,0.05817174515235457,0.16620498614958448
Diaporthales,background,13567,0.736050711284735,0.05763986142846613,0.03125230338320926,0.08329033684676052,0.19952826711874402
Dimargaritales,background,429,0.7575757575757576,0.011655011655011656,0.03496503496503497,0.07925407925407925,0.14219114219114218
Dipodascales,background,15432,0.815772420943494,0.024883359253499222,0.03576982892690513,0.04354587869362364,0.18079315707620527
Diversisporales,background,4759,0.32737970161798696,0.004622819920151292,0.009245639840302584,0.01197730615675562,0.08068922042445892
Dothideales,background,7123,0.7423838270391689,0.04815386775235154,0.030324301558332163,0.05938509055173382,0.18026112593008564
Endogonales,background,611,0.44844517184942717,0.027823240589198037,0.019639934533551555,0.03927986906710311,0.1309328968903437
Entomophthorales,background,1981,0.5668854114083796,0.02221100454316002,0.034326097930338216,0.0812720848056537,0.1332660272589601
Entrophosporales,background,250,0.504,0.008,0.016,0.024,0.092
Entylomatales,background,39,0.8461538461538461,0.0,0.05128205128205128,0.02564102564102564,0.1794871794871795
Eremomycetales,background,87,0.7931034482758621,0.06896551724137931,0.034482758620689655,0.05747126436781609,0.12643678160919541
Erysiphales,background,567,0.6031746031746031,0.012345679012345678,0.026455026455026454,0.03527336860670194,0.10229276895943562
Erythrobasidiales,background,184,0.6630434782608695,0.07065217391304347,0.03804347826086957,0.059782608695652176,0.18478260869565216
Eurotiales,background,65072,0.7798438652569462,0.045703221047455125,0.02981313007130563,0.06226948610769609,0.1928479223014507
Exobasidiales,background,265,0.7018867924528301,0.03018867924528302,0.033962264150943396,0.09433962264150944,0.17735849056603772
Filobasidiales,background,1303,0.7306216423637759,0.04144282425172678,0.02532617037605526,0.04144282425172678,0.15656178050652342
Geastrales,background,307,0.4788273615635179,0.04560260586319218,0.019543973941368076,0.08143322475570032,0.14332247557003258
Geminibasidiales,background,78,0.6794871794871795,0.038461538461538464,0.01282051282051282,0.0641025641025641,0.23076923076923078
Geoglossales,background,919,0.6789989118607181,0.01632208922742111,0.01632208922742111,0.04896626768226333,0.16104461371055495
Georgefischeriales,background,11,0.8181818181818182,0.09090909090909091,0.0,0.09090909090909091,0.0
Gloeophyllales,background,269,0.6728624535315985,0.026022304832713755,0.02973977695167286,0.02973977695167286,0.1412639405204461
Glomerales,background,3235,0.4253477588871716,0.0074188562596599695,0.01143740340030912,0.021638330757341576,0.10293663060278208
Glomerellales,background,23969,0.745671492344278,0.05949351245358588,0.030998372898327006,0.10501063874170805,0.20297050356710752
Golubeviales,background,244,0.7336065573770492,0.04918032786885246,0.040983606557377046,0.06557377049180328,0.19262295081967212
Gomphales,background,758,0.4076517150395778,0.018469656992084433,0.011873350923482849,0.018469656992084433,0.07519788918205805
Harpellales,background,1270,0.6708661417322834,0.014173228346456693,0.03543307086614173,0.06062992125984252,0.14803149606299212
Helotiales,background,31960,0.6969336670838548,0.04327284105131414,0.02972465581977472,0.06670838548185232,0.18360450563204006
Herpomycetales,background,25,0.72,0.0,0.0,0.16,0.16
Holtermanniales,background,111,0.6576576576576577,0.036036036036036036,0.036036036036036036,0.04504504504504504,0.24324324324324326
Hymenochaetales,background,2325,0.6318279569892473,0.038279569892473116,0.03096774193548387,0.04989247311827957,0.16043010752688172
Hypocreales,background,111096,0.7473086339742205,0.044051991070785626,0.03193634334269461,0.07588031972348239,0.19234715921365306
Hysterangiales,background,227,0.46255506607929514,0.013215859030837005,0.030837004405286344,0.039647577092511016,0.08370044052863436
Hysteriales,background,371,0.7250673854447439,0.03504043126684636,0.026954177897574125,0.0673854447439353,0.20754716981132076
Jaapiales,background,90,0.7222222222222222,0.07777777777777778,0.022222222222222223,0.03333333333333333,0.13333333333333333
Kickxellales,background,12911,0.744016729920223,0.02586941367825885,0.035860893811478584,0.04724653396328712,0.17636124235148323
Kriegeriales,background,306,0.7483660130718954,0.016339869281045753,0.026143790849673203,0.03594771241830065,0.20261437908496732
Lecanorales,background,4757,0.6670170275383646,0.026907714946394788,0.02291360100903931,0.05297456380071473,0.1770023123817532
Leotiales,background,220,0.7363636363636363,0.022727272727272728,0.022727272727272728,0.05,0.17272727272727273
Leucosporidiales,background,369,0.7018970189701897,0.02710027100271003,0.02168021680216802,0.04878048780487805,0.2005420054200542
Lichinales,background,394,0.700507614213198,0.015228426395939087,0.017766497461928935,0.04568527918781726,0.1446700507614213
Lineolatales,background,107,0.8130841121495327,0.028037383177570093,0.037383177570093455,0.018691588785046728,0.19626168224299065
Lipomycetales,background,1493,0.8077695914266577,0.03415941058271936,0.03750837240455459,0.022103148024112524,0.19290020093770932
Lobulomycetales,background,247,0.7368421052631579,0.024291497975708502,0.02834008097165992,0.032388663967611336,0.15789473684210525
Lulworthiales,background,179,0.6536312849162011,0.027932960893854747,0.0335195530726257,0.09497206703910614,0.1005586592178771
Magnaporthales,background,4288,0.7052238805970149,0.04874067164179104,0.027985074626865673,0.11287313432835822,0.18773320895522388
Malasseziales,background,198,0.8939393939393939,0.010101010101010102,0.0707070707070707,0.04040404040404041,0.17676767676767677
Marthamycetales,background,162,0.6790123456790124,0.043209876543209874,0.030864197530864196,0.05555555555555555,0.14814814814814814
Microascales,background,8572,0.7513999066728885,0.031381241250583294,0.02904806346243584,0.0648623425104993,0.1636724218385441
Microbotryales,background,451,0.7228381374722838,0.024390243902439025,0.05543237250554324,0.037694013303769404,0.15299334811529933
Microstromatales,background,263,0.7110266159695817,0.030418250950570342,0.015209125475285171,0.07984790874524715,0.1520912547528517
Microthyriales,background,200,0.675,0.04,0.025,0.11,0.2
Mixiales,background,40,0.75,0.1,0.05,0.125,0.15
Moniliellales,background,86,0.7790697674418605,0.011627906976744186,0.03488372093023256,0.011627906976744186,0.18604651162790697
Monoblepharidales,background,499,0.6973947895791583,0.04008016032064128,0.02004008016032064,0.05410821643286573,0.20240480961923848
Mortierellales,background,4923,0.6938858419662807,0.02254722730042657,0.035750558602478166,0.05748527320739386,0.19520617509648588
Mucorales,background,8625,0.7406376811594203,0.027130434782608695,0.029217391304347827,0.04521739130434783,0.17194202898550726
Mycosphaerellales,background,15456,0.7070393374741201,0.040372670807453416,0.031767598343685303,0.06741718426501035,0.17915372670807453
Myriangiales,background,1644,0.7603406326034063,0.04927007299270073,0.0340632603406326,0.07725060827250609,0.19343065693430658
Mytilinidiales,background,556,0.6654676258992805,0.019784172661870502,0.025179856115107913,0.03237410071942446,0.17446043165467626
Neocallimastigales,background,5311,0.5722086236113726,0.048390133684805124,0.025418941818866503,0.1035586518546413,0.1542082470344568
Neolectales,background,36,0.75,0.027777777777777776,0.027777777777777776,0.027777777777777776,0.05555555555555555
Onygenales,background,5353,0.7511675695871474,0.029329348029142537,0.02951615916308612,0.050625817298711004,0.16999813188866056
Ophiostomatales,background,8935,0.7825405707890319,0.04062674874090655,0.032904308897593736,0.055735870173475095,0.2021264689423615
Orbiliales,background,7964,0.657835258663988,0.03967855349070819,0.031516825715720745,0.09191361125062783,0.1825715720743345
Ostropales,background,744,0.717741935483871,0.04032258064516129,0.033602150537634407,0.0846774193548387,0.18010752688172044
Paraglomerales,background,339,0.5545722713864307,0.017699115044247787,0.02359882005899705,0.02359882005899705,0.12389380530973451
Patellariales,background,126,0.7301587301587301,0.05555555555555555,0.015873015873015872,0.06349206349206349,0.19047619047619047
Peltigerales,background,538,0.5966542750929368,0.022304832713754646,0.022304832713754646,0.0687732342007435,0.1524163568773234
Peribolosporales,background,80,0.775,0.05,0.025,0.05,0.225
Pertusariales,background,457,0.6433260393873085,0.024070021881838075,0.010940919037199124,0.05689277899343545,0.175054704595186
Pezizales,background,12856,0.5945861854387057,0.02644679527069073,0.019290603609209707,0.05040448039825762,0.13861232109520846
Phacidiales,background,560,0.7785714285714286,0.06785714285714285,0.023214285714285715,0.08571428571428572,0.19642857142857142
Phaeomoniellales,background,254,0.7322834645669292,0.051181102362204724,0.031496062992125984,0.03937007874015748,0.19291338582677164
Phaeotrichales,background,136,0.7426470588235294,0.04411764705882353,0.022058823529411766,0.08823529411764706,0.25
Phaffomycetales,background,8112,0.8318540433925049,0.025887573964497042,0.03229783037475345,0.03673570019723866,0.1895956607495069
Phallales,background,613,0.6313213703099511,0.040783034257748776,0.03262642740619902,0.05872756933115824,0.14355628058727568
Phyllachorales,background,97,0.7216494845360825,0.030927835051546393,0.05154639175257732,0.05154639175257732,0.14432989690721648
Physodermatales,background,152,0.7368421052631579,0.013157894736842105,0.05263157894736842,0.08552631578947369,0.21710526315789475
Pichiales,background,9920,0.8201612903225807,0.026108870967741934,0.03094758064516129,0.030141129032258063,0.19526209677419354
Pleosporales,background,34727,0.7187203040861577,0.051573703458404126,0.02770178823393901,0.0792178996170127,0.18225012238316007
Pneumocystales,background,365,0.8876712328767123,0.010958904109589041,0.0273972602739726,0.00821917808219178,0.10684931506849316
Polychytriales,background,187,0.7540106951871658,0.0374331550802139,0.026737967914438502,0.0481283422459893,0.2192513368983957
Polyporales,background,11587,0.6431345473375334,0.03581600069042893,0.02891171140070769,0.05756451195305083,0.1705359454561146
Pucciniales,background,2694,0.4179658500371195,0.020415738678544914,0.021529324424647365,0.04083147735708983,0.09799554565701558
Pyrenulales,background,338,0.650887573964497,0.029585798816568046,0.029585798816568046,0.07396449704142012,0.1952662721893491
Racodiales,background,231,0.7056277056277056,0.05627705627705628,0.025974025974025976,0.0735930735930736,0.22077922077922077
Ramicandelaberales,background,120,0.6666666666666666,0.03333333333333333,0.05,0.1,0.19166666666666668
Rhizocarpales,background,140,0.6571428571428571,0.02142857142857143,0.02142857142857143,0.02857142857142857,0.20714285714285716
Rhizophlyctidales,background,281,0.6761565836298933,0.03558718861209965,0.021352313167259787,0.046263345195729534,0.11743772241992882
Rhizophydiales,background,976,0.6444672131147541,0.01639344262295082,0.03278688524590164,0.08811475409836066,0.13934426229508196
Russulales,background,5177,0.6022793123430559,0.030133281823449876,0.0237589337454124,0.04249565385358316,0.13463395789067029
Saccharomycetales,background,10896,0.8588472834067548,0.02092511013215859,0.03248898678414097,0.03478340675477239,0.17639500734214392
Saccharomycodales,background,1209,0.7973531844499586,0.015715467328370553,0.03225806451612903,0.019851116625310174,0.18444995864350702
Sanchytriales,background,28,0.75,0.07142857142857142,0.03571428571428571,0.0,0.03571428571428571
Sareales,background,78,0.7692307692307693,0.01282051282051282,0.01282051282051282,0.05128205128205128,0.16666666666666666
Sarrameanales,background,210,0.7952380952380952,0.02857142857142857,0.0380952380952381,0.0380952380952381,0.20952380952380953
Schizosaccharomycetales,background,195,0.8974358974358975,0.02564102564102564,0.020512820512820513,0.02564102564102564,0.13333333333333333
Sebacinales,background,1334,0.5914542728635682,0.03223388305847077,0.023238380809595203,0.05697151424287856,0.1911544227886057
Serinales,background,29673,0.8257338321032589,0.024264482863208977,0.034947595457149594,0.04158662757388872,0.18690391938799583
Sordariales,background,19983,0.7090026522544163,0.04323675123855277,0.027373267277185608,0.07671520792673772,0.18225491667917731
Spizellomycetales,background,719,0.7329624478442281,0.013908205841446454,0.02086230876216968,0.043115438108484005,0.19471488178025034
Sporidiobolales,background,1747,0.7195191757298226,0.030910131654264452,0.02633085289066972,0.04922724670864339,0.19061247853463079
Sporopachydermiales,background,117,0.8461538461538461,0.03418803418803419,0.05128205128205128,0.017094017094017096,0.20512820512820512
Symbiotaphrinales,background,87,0.735632183908046,0.022988505747126436,0.022988505747126436,0.04597701149425287,0.21839080459770116
Synchytriales,background,118,0.7203389830508474,0.059322033898305086,0.025423728813559324,0.03389830508474576,0.16101694915254236
Taphrinales,background,1158,0.7927461139896373,0.03626943005181347,0.037132987910189985,0.05094991364421416,0.17616580310880828
Teloschistales,background,2332,0.6462264150943396,0.029588336192109776,0.03173241852487135,0.07204116638078903,0.18010291595197256
Thelebolales,background,4041,0.7446176688938382,0.04652313783716902,0.026478594407324918,0.07052709725315516,0.1823805988616679
Thelephorales,background,205,0.6195121951219512,0.024390243902439025,0.03902439024390244,0.04390243902439024,0.1902439024390244
Thelocarpales,background,149,0.7449664429530202,0.040268456375838924,0.040268456375838924,0.040268456375838924,0.28187919463087246
Tilletiales,background,847,0.6635182998819362,0.03305785123966942,0.04014167650531287,0.06965761511216056,0.17473435655253838
Togniniales,background,229,0.7991266375545851,0.043668122270742356,0.017467248908296942,0.07860262008733625,0.2183406113537118
Trapeliales,background,1685,0.7163204747774481,0.034421364985163204,0.03086053412462908,0.0486646884272997,0.16913946587537093
Trechisporales,background,249,0.6265060240963856,0.0321285140562249,0.01606425702811245,0.0321285140562249,0.1927710843373494
Tremellales,background,5221,0.7232330971078338,0.02949626508331737,0.031028538594139055,0.043478260869565216,0.18674583413139245
Trichosporonales,background,7579,0.7169811320754716,0.02902757619738752,0.02704842327483837,0.05686766064124555,0.19171394643092757
Trigonopsidales,background,1571,0.8096753660089115,0.019732654360280075,0.03819223424570337,0.026098026734563972,0.16868236791852323
Trypetheliales,background,1532,0.737597911227154,0.03655352480417755,0.03328981723237598,0.06135770234986945,0.17493472584856398
Umbelopsidales,background,469,0.8081023454157783,0.04477611940298507,0.031982942430703626,0.046908315565031986,0.13432835820895522
Umbilicariales,background,1286,0.7278382581648523,0.029548989113530325,0.030326594090202177,0.04432348367029549,0.14385692068429237
Urocystidales,background,90,0.6777777777777778,0.05555555555555555,0.022222222222222223,0.08888888888888889,0.14444444444444443
Ustilaginales,background,1513,0.7726371447455387,0.029742233972240583,0.029742233972240583,0.061467283542630535,0.18506278916060806
Valsariales,background,120,0.7166666666666667,0.016666666666666666,0.041666666666666664,0.03333333333333333,0.2
Venturiales,background,2053,0.6867998051631758,0.033122260107160253,0.03360935216755967,0.07501217730150998,0.18168533852898197
Verrucariales,background,164,0.6219512195121951,0.024390243902439025,0.018292682926829267,0.024390243902439025,0.17682926829268292
Vezdaeales,background,166,0.7168674698795181,0.03614457831325301,0.04216867469879518,0.06626506024096386,0.1746987951807229
Violaceomycetales,background,47,0.8085106382978723,0.0425531914893617,0.06382978723404255,0.0425531914893617,0.19148936170212766
Wallemiales,background,53,0.8679245283018868,0.0,0.018867924528301886,0.03773584905660377,0.20754716981132076
Xylariales,background,37218,0.7234134021172551,0.050190767908001505,0.031570745338277174,0.0807673706271159,0.19979579773228007
Xylobotryales,background,156,0.7564102564102564,0.02564102564102564,0.038461538461538464,0.038461538461538464,0.17307692307692307
Xylonales,background,68,0.7647058823529411,0.014705882352941176,0.029411764705882353,0.058823529411764705,0.20588235294117646
Zoopagales,background,983,0.688708036622584,0.011190233977619531,0.03560528992878942,0.07019328585961343,0.1688708036622584
