species	proteomes	pmid	doi	paper	text_read	what_the_paper_says	gene_ids_verbatim	protein_level_evidence_stated	maps_to_one_of_the_61
Fusarium graminearum	Fgra_PH-1	31031728	10.3389/fmicb.2019.00751	Quarantin et al. 2019 Front Microbiol	full text (PMC6474331)	Genome contains five hydrophobin genes FgHyd1-5; four class I, FgHyd5 class II; single and triple deletion mutants characterised.	FGSG_01763: FgHyd1, FGSG_01764: FgHyd2, FGSG_09066: FgHyd3, FGSG_03960: FgHyd4, FGSG_01831: FgHyd5	no (transcript and mutant phenotypes only in the text read)	no; all five map 100%/100% to proteome IDs that are not among the 61 (literature_gene_map.tsv)
Fusarium graminearum	Fgra_PH-1	35278684	10.1016/j.fgb.2022.103683	Shin et al. 2022 Fungal Genet Biol	abstract only (no PMC)	All five putative hydrophobin genes FgHyd1-FgHyd5 deleted, including a quintuple mutant.	FgHyd1, FgHyd2, FgHyd3, FgHyd4, FgHyd5 (no locus IDs in abstract)	not in abstract	no (via UniProt entries that cite the paper)
Fusarium graminearum	Fgra_PH-1	21780148	10.1002/jobm.201100053	Sarlin et al. 2011 J Basic Microbiol	abstract only (no PMC)	Profile HMM search of the genome; GzHYD5 expressed in T. reesei, purified and identified as a hydrophobin.	GzHYD5	yes, heterologous protein purified (abstract)	no (I1RDW3 maps to F0349401_001843-T1, not in the 61)
Fusarium graminearum	Fgra_PH-1	24742833	10.1016/j.funbio.2014.02.003	Minenko et al. 2014 Fungal Biol	abstract only (no PMC)	Class II hydrophobin FgHyd5p; deletion mutants.	FgHyd5p / hyd5	not in abstract	no
Fusarium graminearum (and other phytopathogens)	Fgra_PH-1	38004644	10.3390/microorganisms11112632	Bouqellah and Farag 2023 Microorganisms	abstract only (full text in PMC10672791 not read)	In silico analysis of 45 class II hydrophobin sequences from NCBI.	none in abstract	no (in silico)	not checked
Aspergillus fumigatus	Afum_Af293, Afum_A1163, Afum_W72310	29371496	10.3390/jof4010002	Valsecchi et al. 2018 J Fungi	full text (PMC5872305); gene italics lost in the PMC text, names RodA-RodG matched to IDs by UniProt entries that cite the paper	Seven putative hydrophobins RodA-RodG; RodD classification as hydrophobin is controversial (no signal peptide, lacks one Cys of a doublet); RodE presumed class I; three further BLAST candidates (AFUA_5G09960, AFUA_7G00970, AFUA_8G01770) not counted as hydrophobins.	AFUA_5G09580; AFUB_057130 / AFUA_1G175250, AFUB_016640 / AFUA_8G07060, AFUB_080740 / AFUA_5G01490, AFUB_050030 / AFUA_8G05890, AFUB_081650 / AFUA_5G03280, AFUB_051810 / AFUA_2G14661	yes for RodA, RodB, RodC (western blot / Flag tag in conidia); RodF recombinant protein only	partial only: AFUA_5G01490/AFUB_050030 (RodD) vs W72310 KAK9636619.1 = 100% identity over 96% of KAK9636619.1 but 27% of RodD (fragment model). AFUA_8G05890/AFUB_081650 (RodE) best hit W72310 KAK9641117.1 at 84.6% (below rule).
Penicillium expansum	Pexp_MD-8	36374077	10.1128/mbio.02754-22	Luciano-Rosario et al. 2022 mBio	full text (PMC9765440); names HfbA-G are lost in the PMC text and assigned to IDs by stated order	Seven putative hydrophobin genes in strain Pe21; single and septuple deletion; HfbD has seven Cys.	PEXP_062290, PEXP_02490, PEXP_071760, PEXP_055790, PEXP_096890, PEXP_043320, PEXP_098360 (Pe21 IDs; no sequences in text; sequences taken from Swiss-Prot HfbA-G entries of strain MD-8 that cite the paper)	no (RT-PCR, phenotypes)	partial only: HfbA (A0A0A2K7M3, 227 aa) vs FA144B67_000394-T1 = 99.3% over 90% of FA144B67_000394-T1 but 65% of HfbA
Beauveria bassiana	Bbas_ARSEF2860	39724799	10.1016/j.micres.2024.128029	Feng et al. 2024 Microbiol Res	abstract only (no PMC)	Nine hydrophobins: class I Hyd1A-F and class II Hyd2A-C; deletion mutants.	Hyd1A, Hyd1B, Hyd1C, Hyd1D, Hyd1E, Hyd1F, Hyd2A, Hyd2B, Hyd2C (no locus IDs in abstract; BBA_ IDs from UniProt)	yes, localisation on cell walls stated (abstract)	no; Hyd2C best hit F1BB8A46_000504-T1 at 75.4% identity (below rule); Hyd1F has no hit in the proteome
Beauveria bassiana	Bbas_ARSEF2860	19363067	10.1128/AEM.01913-08	Zhang et al. 2009 Appl Environ Microbiol	abstract only (PMC2687298 not read)	hyd1 and hyd2 transcripts reduced in a Bbhog1 mutant.	hyd1, hyd2	no	not checked (UniProt gives hyd1 = hyd1A, hyd2 = hyd1B as synonyms)
Fulvia fulva (Cladosporium fulvum)	Fful_Race5	9249071	10.1016/s0378-1119(97)00090-5	Spanu 1997 Gene	abstract only	HCf-1 protein isolated from culture medium; single gene HCf-1.	HCf-1	yes (protein isolated, abstract)	no
Fulvia fulva (Cladosporium fulvum)	Fful_Race5	10394901	10.1007/s004380050007	Segers et al. 1999 Mol Gen Genet	abstract only	Five hydrophobin cDNAs HCf-1 to HCf-5; HCf-1 to -4 class I, HCf-5 class II.	HCf-1, HCf-2, HCf-3, HCf-4, HCf-5	no (cDNA, expression)	no; HCf-3 and HCf-5 have no >=95% hit in the Race5 proteome
Fulvia fulva (Cladosporium fulvum)	Fful_Race5	11372654	10.1078/0944-5013-00088	Nielsen et al. 2001 Microbiol Res	abstract only	HCf-6, second class II hydrophobin gene.	HCf-6	no	no (maps to FEBB419A_013054-T1, not in the 61)
Fulvia fulva (Cladosporium fulvum)	Fful_Race5	11343402	10.1006/fgbi.2001.1263	Whiteford and Spanu 2001 Fungal Genet Biol	abstract only	Six hydrophobin genes HCf-1 to -6 identified so far; deletion of HCf-1, HCf-2.	HCf-1 to HCf-6	not in abstract	no
Fulvia fulva (Cladosporium fulvum)	Fful_Race5	18958901	10.1111/j.1574-6968.2008.01227.x	Lacroix et al. 2008 FEMS Microbiol Lett	abstract only	Six hydrophobin genes; epitope-tagged HCf-1 to -6 localised; HCf-6 role in adhesion.	HCf-1 to HCf-6	yes, epitope-tag localisation (abstract)	no
Pleurotus ostreatus	Post_PC9	33636611	10.1016/j.micres.2021.126723	Xu et al. 2021 Microbiol Res	abstract only (no PMC); supplementary primer tables were read in an earlier task (literature/NOTES.md), they hold names only	40 hydrophobin genes, 15 newly identified, 33 class I; expression profiles; FBH1 RNAi.	Vmh3, Hydph20, Hydph17, Po.hyd16, Hydph8, Po.hyd10, Po.hyd7, Vmh2, Hydph7, Po.hyd3, Po.hyd9, Hydph12, POH1, Po.hyd4, FBH1, Po.hyd1-Po.hyd5, Po.hyd8 (as written in the abstract); no locus IDs; 24 UniProt entries (mostly strain PC15) cite the paper	no (transcripts, RNAi)	no; UniProt entries are strain PC15 or unnamed strains; best near misses: Hydph8 vs F4DD442B_010567-T1 92.8% over 100%/100%; Hydph18 vs F4DD442B_008436-T1 98.9% over 80%/64%
Pleurotus ostreatus	Post_PC9	39612978	10.1016/j.fgb.2024.103943	Han et al. 2024 Fungal Genet Biol	abstract only (no PMC)	Over 20 putative hydrophobin genes predicted; vmh2, vmh3, hydph16 main vegetative ones; hydph16 deletion.	vmh2, vmh3, hydph16	not in abstract	not checked (no IDs)
Pleurotus ostreatus	Post_PC9	41843145	10.1007/s00203-026-04832-7	Izumi et al. 2026 Arch Microbiol	full text (PMC12996008)	Skn7 disruption lowers hydph16 expression; more than 20 hydrophobins predicted (citing Xu et al.).	hydph16, vmh2, vmh3 (gene names only; italic names partly lost in PMC text; no locus IDs)	no	not checked (no IDs)
Coccidioides immitis	Cimm_RS	none		search: hydrophobin AND (Coccidioides OR Blastomyces OR Ajellomyces); hydrophobin[Title/Abstract] AND (Coccidioides OR Blastomyces OR Candida albicans OR Saccharomyces cerevisiae)	titles and abstracts of all hits	No paper found that lists or characterises a C. immitis hydrophobin gene. The 3 hits of the first query are dermatophyte papers (Onygenales MeSH match).	none	n/a	n/a
Blastomyces dermatitidis	Bder_ER3	none		same searches as C. immitis	titles and abstracts of all hits	No paper found that lists or characterises a B. dermatitidis hydrophobin gene.	none	n/a	n/a
Candida albicans	Calb_SC5314	17042757	10.1111/j.1567-1364.2006.00131.x	Perez et al. 2006 FEMS Yeast Res	abstract only	PGA10 (CFEM protein) has 'some features reminiscent of a class II-type hydrophobin'. No C. albicans hydrophobin gene is named.	PGA10 / RBT51 (ORF19.5674)	no	no (PGA10 is not among the 61; Calb row is C6_00820W_A = SUN41)
Saccharomyces cerevisiae	Scer_S288C	none		hydrophobin[Title/Abstract] AND (... Saccharomyces cerevisiae)	titles and abstracts	Hits use S. cerevisiae only as a host for heterologous hydrophobins (e.g. PMID 33484321, 12089019, 21311879). No native S. cerevisiae hydrophobin is named. Scer has no row among the 61.	none	n/a	n/a
