label	protein_id	class	order	length	i_evalue	score	hmm_from	hmm_to	source
CimmitisRS_FungiDB	CIMG_02492-t26_1-p1	Eurotiomycetes	Onygenales	220	2.7e-15	55.7	19	93	cocci_reference
CimmitisRS_FungiDB	CIMG_05560-t26_1-p1	Eurotiomycetes	Onygenales	220	9.1e-16	57.2	16	93	cocci_reference
CimmitisRS_FungiDB	CIMG_07303-t26_1-p1	Eurotiomycetes	Onygenales	231	1.1e-15	57.0	6	93	cocci_reference
CimmitisRS_FungiDB	CIMG_07843-t26_1-p1	Eurotiomycetes	Onygenales	214	7e-18	64.0	7	94	cocci_reference
Coccidioides_immitis_CiB10637	CIB10637_000324-T1	Eurotiomycetes	Onygenales	220	2.5e-15	55.7	19	93	cocci_reference
Coccidioides_immitis_CiB10637	CIB10637_004719-T1	Eurotiomycetes	Onygenales	220	8.5e-16	57.2	16	93	cocci_reference
Coccidioides_immitis_CiB10637	CIB10637_004888-T1	Eurotiomycetes	Onygenales	231	1e-15	57.0	6	93	cocci_reference
Coccidioides_immitis_CiB10637	CIB10637_006812-T1	Eurotiomycetes	Onygenales	214	6.5e-18	64.0	7	94	cocci_reference
Coccidioides_immitis_CiB10992	CIB10992_000323-T1	Eurotiomycetes	Onygenales	220	2.5e-15	55.7	19	93	cocci_reference
Coccidioides_immitis_CiB10992	CIB10992_002665-T1	Eurotiomycetes	Onygenales	220	8.7e-16	57.2	16	93	cocci_reference
Coccidioides_immitis_CiB10992	CIB10992_004919-T1	Eurotiomycetes	Onygenales	231	1.1e-15	57.0	6	93	cocci_reference
Coccidioides_immitis_CiB10992	CIB10992_007285-T1	Eurotiomycetes	Onygenales	214	6.6e-18	64.0	7	94	cocci_reference
Coccidioides_immitis_VFC140	VFC140_000315-T1	Eurotiomycetes	Onygenales	220	3.8e-16	58.6	19	93	cocci_reference
Coccidioides_immitis_VFC140	VFC140_005051-T1	Eurotiomycetes	Onygenales	220	1e-15	57.2	16	93	cocci_reference
Coccidioides_immitis_VFC140	VFC140_005227-T1	Eurotiomycetes	Onygenales	230	4.1e-16	58.5	6	93	cocci_reference
Coccidioides_immitis_VFC140	VFC140_007257-T1	Eurotiomycetes	Onygenales	214	1.8e-17	62.8	10	94	cocci_reference
Coccidioides_posadasii_Cpos1038	CPOS1038_002252-T1	Eurotiomycetes	Onygenales	220	3.4e-16	58.6	19	93	cocci_reference
Coccidioides_posadasii_Cpos1038	CPOS1038_004002-T1	Eurotiomycetes	Onygenales	220	8.9e-16	57.2	16	93	cocci_reference
Coccidioides_posadasii_Cpos1038	CPOS1038_004451-T1	Eurotiomycetes	Onygenales	214	1.8e-16	59.5	10	94	cocci_reference
Coccidioides_posadasii_Cpos1038	CPOS1038_007480-T1	Eurotiomycetes	Onygenales	230	3.7e-16	58.5	6	93	cocci_reference
Coccidioides_posadasii_Cpos3700	CPOS3700_004686-T1	Eurotiomycetes	Onygenales	220	1.4e-15	57.2	16	93	cocci_reference
Coccidioides_posadasii_Cpos3700	CPOS3700_005120-T1	Eurotiomycetes	Onygenales	220	5.2e-16	58.6	19	93	cocci_reference
Coccidioides_posadasii_Cpos3700	CPOS3700_005878-T1	Eurotiomycetes	Onygenales	214	2.5e-17	62.8	10	94	cocci_reference
Coccidioides_posadasii_Cpos3700	CPOS3700_008596-T1	Eurotiomycetes	Onygenales	230	5.6e-16	58.5	6	93	cocci_reference
Coccidioides_posadasii_Cpos3700	CPOS3700_009276-T1	Eurotiomycetes	Onygenales	220	4e-15	55.7	19	93	cocci_reference
Coccidioides_posadasii_Cpos3700	CPOS3700_009837-T1	Eurotiomycetes	Onygenales	214	1e-17	64.0	7	94	cocci_reference
CposadasiiSilveira2022_FungiDB	QVM05384.1	Eurotiomycetes	Onygenales	220	7.8e-16	57.2	16	93	cocci_reference
CposadasiiSilveira2022_FungiDB	QVM06151.1	Eurotiomycetes	Onygenales	220	3e-16	58.6	19	93	cocci_reference
CposadasiiSilveira2022_FungiDB	QVM09523.1	Eurotiomycetes	Onygenales	214	1.4e-17	62.8	10	94	cocci_reference
CposadasiiSilveira2022_FungiDB	QVM12317.1	Eurotiomycetes	Onygenales	230	3.2e-16	58.5	6	93	cocci_reference
Amauroascus_niger_UAMH_3544	FE1053B4_002601-T1	Eurotiomycetes	Onygenales	216	1.3e-17	63.4	10	94	fungi5k
Amauroascus_niger_UAMH_3544	FE1053B4_005240-T1	Eurotiomycetes	Onygenales	228	2.1e-16	59.5	19	93	fungi5k
Amauroascus_verrucosus_UAMH_3576	F900CCC1_001549-T1	Eurotiomycetes	Onygenales	209	1.5e-17	62.9	9	94	fungi5k
Amauroascus_verrucosus_UAMH_3576	F900CCC1_003248-T1	Eurotiomycetes	Onygenales	244	1.4e-12	47.0	18	93	fungi5k
Amauroascus_verrucosus_UAMH_3576	F900CCC1_007044-T1	Eurotiomycetes	Onygenales	223	2.2e-17	62.3	19	94	fungi5k
Aphanoascus_verrucosus_IHEM_4434	F158362D_002209-T1	Eurotiomycetes	Onygenales	226	6e-17	60.6	8	94	fungi5k
Aphanoascus_verrucosus_IHEM_4434	F158362D_002334-T1	Eurotiomycetes	Onygenales	214	2.5e-16	58.6	5	94	fungi5k
Aphanoascus_verrucosus_IHEM_4434	F158362D_005352-T1	Eurotiomycetes	Onygenales	268	1.9e-14	52.6	18	93	fungi5k
Arachnomyces_peruvianus	FDFB31ED_001070-T1	Eurotiomycetes	Onygenales	231	1.6e-09	37.3	21	86	fungi5k
Arachnomyces_sp._PD_36_PD_36	F3B131E9_001760-T1	Eurotiomycetes	Onygenales	223	2e-09	36.9	22	86	fungi5k
Arthroderma_sp._MBC_290_MBC_290	F0C54309_002339-T1	Eurotiomycetes	Onygenales	212	1.6e-17	62.6	5	94	fungi5k
Arthroderma_sp._MBC_290_MBC_290	F0C54309_003091-T1	Eurotiomycetes	Onygenales	314	1e-12	47.2	14	94	fungi5k
Arthroderma_sp._MBC_290_MBC_290	F0C54309_004061-T1	Eurotiomycetes	Onygenales	222	3.5e-15	55.1	19	94	fungi5k
Arthroderma_sp._MBC_293_MBC_293	FFAAF8FA_001325-T1	Eurotiomycetes	Onygenales	214	1.6e-17	62.6	5	94	fungi5k
Arthroderma_sp._MBC_293_MBC_293	FFAAF8FA_003902-T1	Eurotiomycetes	Onygenales	312	1.3e-12	46.9	14	94	fungi5k
Arthroderma_sp._MBC_293_MBC_293	FFAAF8FA_006915-T1	Eurotiomycetes	Onygenales	222	4.6e-15	54.7	20	93	fungi5k
Arthroderma_sp._MBC_929_MBC_929	F20DF61D_000315-T1	Eurotiomycetes	Onygenales	313	1.3e-12	46.9	14	94	fungi5k
Arthroderma_sp._MBC_929_MBC_929	F20DF61D_005414-T1	Eurotiomycetes	Onygenales	222	4.6e-15	54.7	20	93	fungi5k
Arthroderma_sp._MBC_929_MBC_929	F20DF61D_006981-T1	Eurotiomycetes	Onygenales	214	1.6e-17	62.6	5	94	fungi5k
Arthroderma_sp._MBC_961_MBC_961	F8E00078_000492-T1	Eurotiomycetes	Onygenales	312	1.3e-12	46.9	14	94	fungi5k
Arthroderma_sp._MBC_961_MBC_961	F8E00078_006730-T1	Eurotiomycetes	Onygenales	222	4.6e-15	54.7	20	93	fungi5k
Arthroderma_sp._MBC_961_MBC_961	F8E00078_007765-T1	Eurotiomycetes	Onygenales	214	1.6e-17	62.6	5	94	fungi5k
Arthroderma_sp._PD_2_PD_2	F1B3E81C_002770-T1	Eurotiomycetes	Onygenales	299	6.3e-11	41.5	15	91	fungi5k
Arthroderma_sp._PD_2_PD_2	F1B3E81C_006613-T1	Eurotiomycetes	Onygenales	157	3e-20	71.4	8	94	fungi5k
Arthroderma_sp._PD_2_PD_2	F1B3E81C_006837-T1	Eurotiomycetes	Onygenales	223	3.2e-07	29.7	23	91	fungi5k
Arthroderma_uncinatum_CBS_119779	FA49FE15_004049-T1	Eurotiomycetes	Onygenales	206	2e-19	68.7	6	94	fungi5k
Arthroderma_uncinatum_CBS_119779	FA49FE15_005375-T1	Eurotiomycetes	Onygenales	297	1e-07	31.1	23	92	fungi5k
Aspergillus_aculeatinus_CBS_121060	F1101860_006859-T1	Eurotiomycetes	Eurotiales	218	1.7e-11	43.6	6	94	fungi5k
Aspergillus_aculeatus_ATCC_16872	F4C12959_010374-T1	Eurotiomycetes	Eurotiales	224	1.8e-11	43.6	6	94	fungi5k
Aspergillus_aff._floccosus_IMV_01167_IMV_01167	F6C5610A_009612-T1	Eurotiomycetes	Eurotiales	219	2e-06	27.3	17	72	fungi5k
Aspergillus_affinis_CMG_70	F9FDF067_001634-T1	Eurotiomycetes	Eurotiales	234	3.5e-11	42.7	30	94	fungi5k
Aspergillus_amoenus_S2904	F639B0FD_009316-T1	Eurotiomycetes	Eurotiales	181	1.8e-10	40.6	30	93	fungi5k
Aspergillus_baeticus_NRRL_62501	F896D0F6_007272-T1	Eurotiomycetes	Eurotiales	189	1.4e-10	41.0	25	93	fungi5k
Aspergillus_biplanus_NRRL_5071	F2F8583B_005331-T1	Eurotiomycetes	Eurotiales	189	5.9e-12	45.5	30	94	fungi5k
Aspergillus_biplanus_NRRL_5071	F2F8583B_008316-T1	Eurotiomycetes	Eurotiales	183	7.9e-11	41.9	30	94	fungi5k
Aspergillus_brunneoviolaceus_CBS_621.78	F5C1E7AD_006029-T1	Eurotiomycetes	Eurotiales	210	2.9e-11	42.9	5	94	fungi5k
Aspergillus_calidoustus	FE965E2E_005713-T1	Eurotiomycetes	Eurotiales	181	6.4e-10	39.0	28	94	fungi5k
Aspergillus_campestris_IBT_28561	FDCCDABF_001812-T1	Eurotiomycetes	Eurotiales	196	1.7e-12	46.6	28	94	fungi5k
Aspergillus_candidus_CBS_102.13	FBC3C6EA_005102-T1	Eurotiomycetes	Eurotiales	196	1.4e-12	46.8	29	94	fungi5k
Aspergillus_carlsbadensis_CBS_123894	FB06860E_004022-T1	Eurotiomycetes	Eurotiales	188	5.3e-07	29.6	28	93	fungi5k
Aspergillus_cavernicola_NRRL_6327	F009EA01_003357-T1	Eurotiomycetes	Eurotiales	206	1.5e-09	37.6	31	94	fungi5k
Aspergillus_cavernicola_NRRL_6327	F009EA01_008323-T1	Eurotiomycetes	Eurotiales	159	4e-09	36.3	28	94	fungi5k
Aspergillus_cejpii_FS110	F0F5528E_007268-T1	Eurotiomycetes	Eurotiales	194	7.8e-11	41.1	6	94	fungi5k
Aspergillus_clavatus_NRRL_1	F2985E37_005315-T1	Eurotiomycetes	Eurotiales	227	5e-10	38.6	7	94	fungi5k
Aspergillus_conjunctus_NRRL_5080	F2DD6020_006796-T1	Eurotiomycetes	Eurotiales	244	3.4e-12	46.0	30	94	fungi5k
Aspergillus_costiformis_LH_A226	F2277114_004910-T1	Eurotiomycetes	Eurotiales	184	4.4e-11	42.5	29	93	fungi5k
Aspergillus_cvjetkovicii_NRRL_227	F20DD301_004987-T1	Eurotiomycetes	Eurotiales	184	8e-13	48.1	30	93	fungi5k
Aspergillus_diversus_NRRL_5074	F5B78CB2_003565-T1	Eurotiomycetes	Eurotiales	166	4.8e-12	45.8	30	94	fungi5k
Aspergillus_diversus_NRRL_5074	F5B78CB2_006810-T1	Eurotiomycetes	Eurotiales	182	7.9e-11	41.9	30	94	fungi5k
Aspergillus_egyptiacus_CBS_656.73	F13BC270_007406-T1	Eurotiomycetes	Eurotiales	210	1.3e-09	37.5	29	93	fungi5k
Aspergillus_elegans_IMI_345568	FB1B122A_008928-T1	Eurotiomycetes	Eurotiales	229	1.2e-11	44.2	30	94	fungi5k
Aspergillus_fijiensis_CBS_313.89	F8E4BD94_003165-T1	Eurotiomycetes	Eurotiales	226	1.9e-11	43.5	6	94	fungi5k
Aspergillus_floridensis_IHEM_21069	F855DBE3_001498-T1	Eurotiomycetes	Eurotiales	226	1.8e-11	43.5	6	94	fungi5k
Aspergillus_fructus_NRRL_239	FC0B2822_002684-T1	Eurotiomycetes	Eurotiales	201	9.5e-10	38.3	31	94	fungi5k
Aspergillus_fructus_NRRL_239	FC0B2822_010423-T1	Eurotiomycetes	Eurotiales	181	2.6e-10	40.1	30	93	fungi5k
Aspergillus_haitiensis_NRRL_4568	FF848B96_009944-T1	Eurotiomycetes	Eurotiales	230	2.7e-11	43.1	30	94	fungi5k
Aspergillus_haitiensis_NRRL_4568	FF848B96_011253-T1	Eurotiomycetes	Eurotiales	278	4.1e-10	39.3	29	93	fungi5k
Aspergillus_homomorphus_CBS_101889	FBF0BB22_009184-T1	Eurotiomycetes	Eurotiales	212	1.7e-11	43.5	8	94	fungi5k
Aspergillus_hortae_MCA8	FA7DD757_010367-T1	Eurotiomycetes	Eurotiales	197	1.7e-10	40.4	30	94	fungi5k
Aspergillus_indologenus_CBS_114.80	F67305CB_004928-T1	Eurotiomycetes	Eurotiales	220	1.8e-11	43.6	5	94	fungi5k
Aspergillus_japonicus_CBS_114.51	F9A997E7_003151-T1	Eurotiomycetes	Eurotiales	219	6.3e-11	41.8	6	94	fungi5k
Aspergillus_jensenii_C4_18042019	FE6AD3A6_007127-T1	Eurotiomycetes	Eurotiales	184	8.4e-13	48.1	30	93	fungi5k
Aspergillus_melleus_CBS_546.65	FC4DAD0F_006558-T1	Eurotiomycetes	Eurotiales	202	2.9e-11	42.9	30	94	fungi5k
Aspergillus_neotritici_S2209	F94BE975_004404-T1	Eurotiomycetes	Eurotiales	197	1.1e-10	40.8	29	94	fungi5k
Aspergillus_ochraceus_fc-1	F38DB309_004071-T1	Eurotiomycetes	Eurotiales	238	3.5e-11	42.7	30	94	fungi5k
Aspergillus_olivimuriae_NRRL_66783	FFC99E47_000761-T1	Eurotiomycetes	Eurotiales	148	9.6e-07	28.2	34	87	fungi5k
Aspergillus_ostianus_IFST_Aos1	FE1C1F14_004821-T1	Eurotiomycetes	Eurotiales	195	3.1e-11	42.8	30	94	fungi5k
Aspergillus_panamensis_NRRL_1786	F5821478_001457-T1	Eurotiomycetes	Eurotiales	207	7.4e-12	44.7	30	94	fungi5k
Aspergillus_persii_NIBRFGC000004109	F247C67E_004462-T1	Eurotiomycetes	Eurotiales	209	1.8e-09	37.1	31	94	fungi5k
Aspergillus_pragensis_LH_A260	F737F30D_008585-T1	Eurotiomycetes	Eurotiales	197	1.1e-10	40.8	29	94	fungi5k
Aspergillus_protuberus_HOSP050413_4_129	FF7C3E62_004090-T1	Eurotiomycetes	Eurotiales	181	1.7e-10	40.7	30	93	fungi5k
Aspergillus_pseudoterreus_ATCC_32359	FB066691_004363-T1	Eurotiomycetes	Eurotiales	219	2.2e-06	27.2	17	70	fungi5k
Aspergillus_puulaauensis_MK2	F8689DA6_000290-T1	Eurotiomycetes	Eurotiales	184	8.5e-13	48.1	30	93	fungi5k
Aspergillus_sp._2663_2663	F245D303_001086-T1	Eurotiomycetes	Eurotiales	200	1e-09	38.2	32	94	fungi5k
Aspergillus_sp._2663_2663	F245D303_010141-T1	Eurotiomycetes	Eurotiales	184	8e-13	48.2	30	93	fungi5k
Aspergillus_sp._2NF923_2NF923	FCAFB5CF_000181-T1	Eurotiomycetes	Eurotiales	200	7.7e-10	38.6	32	94	fungi5k
Aspergillus_sp._2NF923_2NF923	FCAFB5CF_009970-T1	Eurotiomycetes	Eurotiales	184	8.2e-13	48.1	30	93	fungi5k
Aspergillus_sp._2NF925_2NF925	F0F12694_012236-T1	Eurotiomycetes	Eurotiales	184	8e-13	48.1	30	93	fungi5k
Aspergillus_sp._ADI1_ADI1	F1D46216_001593-T1	Eurotiomycetes	Eurotiales	181	1e-09	38.2	28	94	fungi5k
Aspergillus_sp._B3601_B3601	F83BA514_006249-T1	Eurotiomycetes	Eurotiales	184	8.3e-13	48.1	30	93	fungi5k
Aspergillus_sp._B3605_B3605	FABA250D_012449-T1	Eurotiomycetes	Eurotiales	184	8.3e-13	48.1	30	93	fungi5k
Aspergillus_sp._DX121-18F_DX121-18F	F9D90F9D_002066-T1	Eurotiomycetes	Eurotiales	223	1.9e-11	43.6	6	94	fungi5k
Aspergillus_sp._F3601_F3601	F077DD14_004099-T1	Eurotiomycetes	Eurotiales	201	1.7e-09	37.4	32	94	fungi5k
Aspergillus_sp._F3601_F3601	F077DD14_005928-T1	Eurotiomycetes	Eurotiales	184	4.3e-11	42.5	29	93	fungi5k
Aspergillus_sp._F3603_S1902Y	F4F1F935_005804-T1	Eurotiomycetes	Eurotiales	181	1.7e-10	40.7	30	93	fungi5k
Aspergillus_sp._F3604_F3604	F501BD4E_011736-T1	Eurotiomycetes	Eurotiales	184	4.4e-11	42.5	29	93	fungi5k
Aspergillus_sp._F3605_F3605	FA0B81F1_003190-T1	Eurotiomycetes	Eurotiales	184	4.4e-11	42.5	29	93	fungi5k
Aspergillus_sp._M3606_M3606	FAC1A223_001215-T1	Eurotiomycetes	Eurotiales	184	4.5e-11	42.5	29	93	fungi5k
Aspergillus_sp._MA_6037_MA_6037	F3A20605_006934-T1	Eurotiomycetes	Eurotiales	184	8.2e-13	48.1	30	93	fungi5k
Aspergillus_sp._MA_6041_Y3614	FE6B3D6F_006218-T1	Eurotiomycetes	Eurotiales	184	8e-13	48.1	30	93	fungi5k
Aspergillus_sp._MEXU_27854_MEXU_27854	FAD8D547_001379-T1	Eurotiomycetes	Eurotiales	188	1.3e-10	40.7	32	93	fungi5k
Aspergillus_sp._PA3604_PA3604	FA68A40F_000162-T1	Eurotiomycetes	Eurotiales	200	1e-09	38.2	32	94	fungi5k
Aspergillus_sp._PA3604_PA3604	FA68A40F_005739-T1	Eurotiomycetes	Eurotiales	184	9.5e-13	47.9	30	93	fungi5k
Aspergillus_sp._PA40-03_PA40-03	F19322EB_006589-T1	Eurotiomycetes	Eurotiales	184	4.3e-11	42.5	29	93	fungi5k
Aspergillus_sp._PB2407_PB2407	F2E938FC_007111-T1	Eurotiomycetes	Eurotiales	184	4.2e-11	42.5	29	93	fungi5k
Aspergillus_sp._PB2407_PB2407	F2E938FC_007546-T1	Eurotiomycetes	Eurotiales	201	1.7e-09	37.4	32	94	fungi5k
Aspergillus_sp._PB4102_PB4102	FF5BA099_007976-T1	Eurotiomycetes	Eurotiales	184	4.4e-11	42.5	29	93	fungi5k
Aspergillus_sp._PB4106_PB4106	FB85E2A5_006818-T1	Eurotiomycetes	Eurotiales	184	4.3e-11	42.5	29	93	fungi5k
Aspergillus_sp._PG3603_PG3603	FB685D51_005062-T1	Eurotiomycetes	Eurotiales	184	4.3e-11	42.5	29	93	fungi5k
Aspergillus_sp._PG3606C_PG3606C	FF25B7BB_004644-T1	Eurotiomycetes	Eurotiales	184	8.1e-13	48.1	30	93	fungi5k
Aspergillus_sp._PG3606D_PG3606D	FF92FE33_006742-T1	Eurotiomycetes	Eurotiales	184	4.2e-11	42.5	29	93	fungi5k
Aspergillus_sp._PG3608_PG3608	FEDE43AF_002040-T1	Eurotiomycetes	Eurotiales	184	4.4e-11	42.5	29	93	fungi5k
Aspergillus_sp._PH3601_PH3601	F29021A2_003637-T1	Eurotiomycetes	Eurotiales	184	4.3e-11	42.5	29	93	fungi5k
Aspergillus_sp._PK2410_PK2410	FD9CB1AB_004947-T1	Eurotiomycetes	Eurotiales	184	4.4e-11	42.5	29	93	fungi5k
Aspergillus_sp._PM3601_PM3601	F8EAD0D2_011160-T1	Eurotiomycetes	Eurotiales	184	8.3e-13	48.1	30	93	fungi5k
Aspergillus_sp._PM3602_PM3602	F60F58ED_006731-T1	Eurotiomycetes	Eurotiales	184	2.3e-11	43.4	29	93	fungi5k
Aspergillus_sp._PM3604_PG3605	FEA84CD7_006067-T1	Eurotiomycetes	Eurotiales	181	1.7e-10	40.7	30	93	fungi5k
Aspergillus_sp._R109-04A_R109-04A	F6B43774_004407-T1	Eurotiomycetes	Eurotiales	223	1.9e-11	43.6	6	94	fungi5k
Aspergillus_sp._R1430_R1430	FBD906CC_009552-T1	Eurotiomycetes	Eurotiales	184	8.3e-13	48.1	30	93	fungi5k
Aspergillus_sp._R2302_R2407	F5FEB707_004539-T1	Eurotiomycetes	Eurotiales	196	2.7e-11	43.0	30	94	fungi5k
Aspergillus_sp._R2305_R3607	F59795AD_002001-T1	Eurotiomycetes	Eurotiales	181	1.7e-10	40.7	30	93	fungi5k
Aspergillus_sp._R2407_R2305	FBE0705B_007168-T1	Eurotiomycetes	Eurotiales	196	2.7e-11	43.0	30	94	fungi5k
Aspergillus_sp._R2506_R2506	F9987FA8_005534-T1	Eurotiomycetes	Eurotiales	184	8.6e-13	48.1	30	93	fungi5k
Aspergillus_sp._R2804_R2804	F12A4DD3_011672-T1	Eurotiomycetes	Eurotiales	184	4.3e-11	42.5	29	93	fungi5k
Aspergillus_sp._R3602_R3602	F6138D83_005229-T1	Eurotiomycetes	Eurotiales	184	4.3e-11	42.5	29	93	fungi5k
Aspergillus_sp._R3607_F3603	F29987C0_009432-T1	Eurotiomycetes	Eurotiales	181	1.7e-10	40.7	30	93	fungi5k
Aspergillus_sp._S1702_S1702	F4D20055_007984-T1	Eurotiomycetes	Eurotiales	184	4.3e-11	42.5	29	93	fungi5k
Aspergillus_sp._S1902Y_PM3604	FBFB466B_003066-T1	Eurotiomycetes	Eurotiales	181	1.7e-10	40.7	30	93	fungi5k
Aspergillus_sp._S1903S_S1903S	F1047864_006572-T1	Eurotiomycetes	Eurotiales	184	2.3e-11	43.4	29	93	fungi5k
Aspergillus_sp._S1903S_S1903S	F1047864_007913-T1	Eurotiomycetes	Eurotiales	201	1.7e-09	37.4	32	94	fungi5k
Aspergillus_sp._S1905_S1905	F5671B3D_006201-T1	Eurotiomycetes	Eurotiales	184	2.3e-11	43.4	29	93	fungi5k
Aspergillus_sp._S2101G_S2101G	F7490626_006688-T1	Eurotiomycetes	Eurotiales	184	8.4e-13	48.1	30	93	fungi5k
Aspergillus_sp._S2103_S2103	FA697386_010839-T1	Eurotiomycetes	Eurotiales	184	4.3e-11	42.5	29	93	fungi5k
Aspergillus_sp._S2105_S2105	F3ADE0B5_007726-T1	Eurotiomycetes	Eurotiales	184	4.3e-11	42.5	29	93	fungi5k
Aspergillus_sp._S2109_S2109	F7381500_006178-T1	Eurotiomycetes	Eurotiales	184	4.2e-11	42.5	29	93	fungi5k
Aspergillus_sp._S2111G.1_S2111G.1	F8B68BA4_005596-T1	Eurotiomycetes	Eurotiales	184	8.3e-13	48.1	30	93	fungi5k
Aspergillus_sp._S2111Y_S2111Y	F9506B60_004096-T1	Eurotiomycetes	Eurotiales	184	8.4e-13	48.1	30	93	fungi5k
Aspergillus_sp._S2805_S2805	F683C1F9_004850-T1	Eurotiomycetes	Eurotiales	181	1.7e-10	40.7	30	93	fungi5k
Aspergillus_sp._S3602_S3602	F536E336_005736-T1	Eurotiomycetes	Eurotiales	184	8e-13	48.1	30	93	fungi5k
Aspergillus_sp._S3605_S3605	F3E102D1_007143-T1	Eurotiomycetes	Eurotiales	184	8.3e-13	48.1	30	93	fungi5k
Aspergillus_sp._S3606_S3606	F3BE2732_010761-T1	Eurotiomycetes	Eurotiales	184	4.3e-11	42.5	29	93	fungi5k
Aspergillus_sp._S4401N_S4401N	FCE65980_002893-T1	Eurotiomycetes	Eurotiales	184	2.3e-11	43.4	29	93	fungi5k
Aspergillus_sp._S4402_S4402	F84F1D5D_003553-T1	Eurotiomycetes	Eurotiales	184	2.3e-11	43.4	29	93	fungi5k
Aspergillus_sp._Z5_PG40-03	F8B8026A_009749-T1	Eurotiomycetes	Eurotiales	184	4.3e-11	42.5	29	93	fungi5k
Aspergillus_sparsus_NRRL_1933	F9C02FED_003895-T1	Eurotiomycetes	Eurotiales	180	8.3e-11	41.6	30	94	fungi5k
Aspergillus_sparsus_NRRL_1933	F9C02FED_006398-T1	Eurotiomycetes	Eurotiales	232	2.6e-11	43.3	30	94	fungi5k
Aspergillus_steynii_IBT_23096	F60A00F4_004943-T1	Eurotiomycetes	Eurotiales	239	9.4e-07	28.5	30	94	fungi5k
Aspergillus_subversicolor_LH_A137	F421854E_005279-T1	Eurotiomycetes	Eurotiales	261	2.3e-33	114.1	5	94	fungi5k
Aspergillus_sydowii_CBS_593.65	FB3CECA2_008897-T1	Eurotiomycetes	Eurotiales	184	2.3e-11	43.4	29	93	fungi5k
Aspergillus_taichungensis_IBT_19404	F7CA8F50_003154-T1	Eurotiomycetes	Eurotiales	196	2.2e-12	46.2	28	93	fungi5k
Aspergillus_tennesseensis_LH_A417	F3412C3F_000805-T1	Eurotiomycetes	Eurotiales	201	1.7e-09	37.4	32	94	fungi5k
Aspergillus_tennesseensis_LH_A417	F3412C3F_010977-T1	Eurotiomycetes	Eurotiales	184	4.3e-11	42.5	29	93	fungi5k
Aspergillus_ustus_AUSTUSMSU	F15C01D5_013524-T1	Eurotiomycetes	Eurotiales	189	1.3e-10	41.2	25	93	fungi5k
Aspergillus_uvarum_CBS_121591	F993F2A0_002416-T1	Eurotiomycetes	Eurotiales	222	1.4e-11	44.0	6	94	fungi5k
Aspergillus_versicolor_CBS_583.65	F5E6814F_008821-T1	Eurotiomycetes	Eurotiales	185	1.8e-10	40.6	30	93	fungi5k
Aspergillus_violaceofuscus_CBS_115571	F33937AA_001231-T1	Eurotiomycetes	Eurotiales	222	9.8e-11	41.2	6	94	fungi5k
Aspergillus_westerdijkiae_IBT_35663	FC2852AF_005273-T1	Eurotiomycetes	Eurotiales	238	3.6e-11	42.7	30	94	fungi5k
Blastomyces_dermatitidis_ER-3	F00FD2C2_006199-T1	Eurotiomycetes	Onygenales	293	3.3e-11	42.3	5	92	fungi5k
Blastomyces_gilchristii_SLH14081	FB5F2805_002150-T1	Eurotiomycetes	Onygenales	293	3.4e-11	42.3	5	92	fungi5k
Blastomyces_parvus_UAMH130	F8DC8B16_004862-T1	Eurotiomycetes	Onygenales	267	3e-16	58.4	5	93	fungi5k
Byssoonygena_ceratinophila_UAMH_5669	F1047EE5_000254-T1	Eurotiomycetes	Onygenales	210	1.7e-14	52.8	18	93	fungi5k
Byssoonygena_ceratinophila_UAMH_5669	F1047EE5_003319-T1	Eurotiomycetes	Onygenales	218	1.5e-16	59.4	9	93	fungi5k
Chrysosporium_keratinophilum_CBS_104.62	F9BA87E0_004156-T1	Eurotiomycetes	Onygenales	214	1.4e-16	59.5	6	94	fungi5k
Chrysosporium_keratinophilum_CBS_104.62	F9BA87E0_004710-T1	Eurotiomycetes	Onygenales	213	1.1e-17	63.1	7	94	fungi5k
Chrysosporium_keratinophilum_CBS_104.62	F9BA87E0_005177-T1	Eurotiomycetes	Onygenales	295	2.1e-08	33.3	18	66	fungi5k
Chrysosporium_keratinophilum_CBS_104.62	F9BA87E0_007879-T1	Eurotiomycetes	Onygenales	228	6.6e-17	60.6	9	94	fungi5k
Chrysosporium_queenslandicum_CBS_280.77	FB0FE234_002610-T1	Eurotiomycetes	Onygenales	225	4e-17	61.8	19	93	fungi5k
Chrysosporium_queenslandicum_CBS_280.77	FB0FE234_006194-T1	Eurotiomycetes	Onygenales	235	5.5e-11	42.1	18	94	fungi5k
Chrysosporium_queenslandicum_CBS_280.77	FB0FE234_008074-T1	Eurotiomycetes	Onygenales	217	2.7e-09	36.7	21	61	fungi5k
Coccidioides_immitis_RS	FA2214EC_003420-T1	Eurotiomycetes	Onygenales	231	8.5e-16	57.0	6	93	fungi5k
Coccidioides_immitis_RS	FA2214EC_003797-T1	Eurotiomycetes	Onygenales	220	2.1e-15	55.7	19	93	fungi5k
Coccidioides_immitis_RS	FA2214EC_006677-T1	Eurotiomycetes	Onygenales	220	7e-16	57.2	16	93	fungi5k
Coccidioides_posadasii_Silveira	FA93A29E_000109-T1	Eurotiomycetes	Onygenales	220	6.9e-16	57.2	16	93	fungi5k
Coccidioides_posadasii_Silveira	FA93A29E_000816-T1	Eurotiomycetes	Onygenales	220	2.6e-16	58.6	19	93	fungi5k
Coccidioides_posadasii_Silveira	FA93A29E_003824-T1	Eurotiomycetes	Onygenales	214	1.3e-17	62.8	10	94	fungi5k
Coccidioides_posadasii_Silveira	FA93A29E_006328-T1	Eurotiomycetes	Onygenales	230	2.9e-16	58.5	6	93	fungi5k
Emergomyces_africanus_CBS_136260	F4C7FF1B_001109-T1	Eurotiomycetes	Onygenales	270	8.7e-18	63.3	5	93	fungi5k
Emergomyces_africanus_CBS_136260	F4C7FF1B_007396-T1	Eurotiomycetes	Onygenales	176	2.9e-08	32.8	7	69	fungi5k
Emergomyces_orientalis_5z489	F48CAF04_002219-T1	Eurotiomycetes	Onygenales	246	6.1e-18	64.1	5	93	fungi5k
Emergomyces_orientalis_5z489	F48CAF04_008204-T1	Eurotiomycetes	Onygenales	144	9e-09	34.7	8	70	fungi5k
Emergomyces_pasteurianus_UAMH_9510	F567066A_003347-T1	Eurotiomycetes	Onygenales	255	1.4e-18	66.0	5	93	fungi5k
Emergomyces_pasteurianus_UAMH_9510	F567066A_005488-T1	Eurotiomycetes	Onygenales	157	1e-15	56.8	8	94	fungi5k
Emmonsia_crescens_UAMH4076	FBC60532_003691-T1	Eurotiomycetes	Onygenales	197	1.1e-19	69.6	5	94	fungi5k
Emmonsiellopsis_sp._PD_33_PD_33	FDBB9CA7_001498-T1	Eurotiomycetes	Onygenales	185	5.5e-16	57.9	20	94	fungi5k
Emmonsiellopsis_sp._PD_33_PD_33	FDBB9CA7_006360-T1	Eurotiomycetes	Onygenales	195	1.7e-19	69.2	5	94	fungi5k
Emmonsiellopsis_sp._PD_5_PD_5	FF57248A_001401-T1	Eurotiomycetes	Onygenales	185	1.9e-16	59.4	20	94	fungi5k
Emmonsiellopsis_sp._PD_5_PD_5	FF57248A_001557-T1	Eurotiomycetes	Onygenales	248	2e-06	27.3	15	73	fungi5k
Emmonsiellopsis_sp._PD_5_PD_5	FF57248A_009237-T1	Eurotiomycetes	Onygenales	198	5.6e-20	70.7	5	94	fungi5k
Emydomyces_testavorans_16-2883	F78B8B43_005213-T1	Eurotiomycetes	Onygenales	214	2.3e-18	65.2	5	94	fungi5k
Emydomyces_testavorans_16-2883	F78B8B43_005553-T1	Eurotiomycetes	Onygenales	241	1.7e-14	52.8	22	92	fungi5k
Emydomyces_testavorans_16-2883	F78B8B43_005705-T1	Eurotiomycetes	Onygenales	204	4.5e-17	61.0	8	93	fungi5k
Emydomyces_testavorans_16-2883	F78B8B43_007170-T1	Eurotiomycetes	Onygenales	231	5.3e-13	47.9	9	94	fungi5k
Exophiala_calicioides_JCM_6030	F9B8CE75_012118-T1	Eurotiomycetes	Chaetothyriales	305	9.3e-07	28.7	20	93	fungi5k
Exophiala_dermatitidis_NIH_UT8656	F20A5187_007158-T1	Eurotiomycetes	Chaetothyriales	330	8.2e-07	28.3	22	93	fungi5k
Exophiala_oligosperma_CBS_72588	F18F3475_001346-T1	Eurotiomycetes	Chaetothyriales	315	3e-06	27.2	23	91	fungi5k
Exophiala_viscosa_JF_03-3F	FF431F68_005843-T1	Eurotiomycetes	Chaetothyriales	141	4.8e-07	29.4	20	93	fungi5k
Floridaphiala_radiotolerans_FKI-L1-BK-DR1	F2EE48A7_004661-T1	Eurotiomycetes	Chaetothyriales	235	2.3e-16	58.9	6	93	fungi5k
Fonsecaea_pedrosoi_CBS_271.37	F7123ADE_009105-T1	Eurotiomycetes	Chaetothyriales	293	1.5e-06	28.0	22	80	fungi5k
Hamigera_avellanea_NRRL_1938	F4F6B3D4_005131-T1	Eurotiomycetes	Eurotiales	196	2e-11	43.1	30	94	fungi5k
Helicocarpus_griseus_UAMH5409	F861C127_001472-T1	Eurotiomycetes	Onygenales	193	1.7e-19	69.1	5	94	fungi5k
Helicocarpus_griseus_UAMH5409	F861C127_006523-T1	Eurotiomycetes	Onygenales	206	7.2e-15	54.3	8	93	fungi5k
Histoplasma_capsulatum_G186AR	FBAD1291_007207-T1	Eurotiomycetes	Onygenales	216	2.7e-07	29.7	6	42	fungi5k
Histoplasma_ohiense_G217B	F05A6995_001238-T1	Eurotiomycetes	Onygenales	247	7.1e-20	70.1	6	93	fungi5k
Knufia_peltigerae_TK_35	F9501015_005356-T1	Eurotiomycetes	Chaetothyriales	315	3.3e-06	27.2	23	91	fungi5k
Malbranchea_cinnamomea	F3903710_002752-T1	Eurotiomycetes	Onygenales	231	5.1e-19	67.3	5	93	fungi5k
Malbranchea_cinnamomea	F3903710_004253-T1	Eurotiomycetes	Onygenales	330	1.5e-06	27.3	21	86	fungi5k
Malbranchea_zuffiana_CBS_219.58	F544F0B4_003474-T1	Eurotiomycetes	Onygenales	222	6.9e-16	57.4	5	93	fungi5k
Malbranchea_zuffiana_CBS_219.58	F544F0B4_007690-T1	Eurotiomycetes	Onygenales	215	1.1e-16	59.9	20	93	fungi5k
Microsporum_audouinii_IHEM_2214	F959F328_002400-T1	Eurotiomycetes	Onygenales	315	6.6e-08	31.7	23	91	fungi5k
Microsporum_audouinii_IHEM_2214	F959F328_005704-T1	Eurotiomycetes	Onygenales	207	1.8e-20	72.0	6	94	fungi5k
Microsporum_canis_CBS_113480	FCE2ACBB_001108-T1	Eurotiomycetes	Onygenales	308	1.8e-07	30.4	23	91	fungi5k
Microsporum_canis_CBS_113480	FCE2ACBB_004037-T1	Eurotiomycetes	Onygenales	207	1.8e-20	72.0	6	94	fungi5k
Microsporum_ferrugineum_M1a	FFE94FFD_006276-T1	Eurotiomycetes	Onygenales	312	1.8e-07	30.4	23	91	fungi5k
Microsporum_ferrugineum_M1a	FFE94FFD_007683-T1	Eurotiomycetes	Onygenales	207	1.8e-20	72.0	6	94	fungi5k
Myotisia_sp._PD_48_PD_48	FC452C90_001784-T1	Eurotiomycetes	Onygenales	200	7.9e-08	31.4	16	68	fungi5k
Nannizzia_gypsea_CBS_118893	F94BF6A1_000823-T1	Eurotiomycetes	Onygenales	206	4.9e-20	70.6	5	94	fungi5k
Nannizzia_gypsea_CBS_118893	F94BF6A1_003263-T1	Eurotiomycetes	Onygenales	314	1.5e-07	30.6	23	91	fungi5k
Nannizziopsis_arthrosporioides_CBS_118890	F53B407F_000493-T1	Eurotiomycetes	Onygenales	215	1.2e-17	62.9	5	94	fungi5k
Nannizziopsis_arthrosporioides_CBS_118890	F53B407F_001373-T1	Eurotiomycetes	Onygenales	211	1e-16	59.9	17	93	fungi5k
Nannizziopsis_arthrosporioides_CBS_118890	F53B407F_006190-T1	Eurotiomycetes	Onygenales	252	3.7e-13	48.4	6	92	fungi5k
Nannizziopsis_barbatae_USC001	FCEEA8F2_002221-T1	Eurotiomycetes	Onygenales	216	8.4e-17	60.2	8	93	fungi5k
Nannizziopsis_barbatae_USC001	FCEEA8F2_002918-T1	Eurotiomycetes	Onygenales	217	2.1e-18	65.3	5	94	fungi5k
Nannizziopsis_barbatae_USC001	FCEEA8F2_005970-T1	Eurotiomycetes	Onygenales	226	7.8e-16	57.1	21	94	fungi5k
Nannizziopsis_barbatae_USC001	FCEEA8F2_006832-T1	Eurotiomycetes	Onygenales	255	1.8e-13	49.5	6	92	fungi5k
Onygena_corvina_CBS_281.48	F1215351_001509-T1	Eurotiomycetes	Onygenales	217	1.8e-20	71.8	7	94	fungi5k
Onygena_corvina_CBS_281.48	F1215351_001602-T1	Eurotiomycetes	Onygenales	297	9.8e-08	31.0	23	91	fungi5k
Onygena_corvina_CBS_281.48	F1215351_005542-T1	Eurotiomycetes	Onygenales	272	7.1e-11	41.1	18	93	fungi5k
Onygenales_sp._PD_10_PD_10	F4367235_000556-T1	Eurotiomycetes	Onygenales	185	2.3e-15	55.9	21	94	fungi5k
Onygenales_sp._PD_10_PD_10	F4367235_004762-T1	Eurotiomycetes	Onygenales	195	1.7e-19	69.2	5	94	fungi5k
Onygenales_sp._PD_12_PD_12	F551890F_003835-T1	Eurotiomycetes	Onygenales	195	1.7e-19	69.2	5	94	fungi5k
Onygenales_sp._PD_12_PD_12	F551890F_006390-T1	Eurotiomycetes	Onygenales	185	5.4e-16	57.9	20	94	fungi5k
Onygenales_sp._PD_40_PD_40	F442B00A_001938-T1	Eurotiomycetes	Onygenales	185	5.5e-16	57.9	20	94	fungi5k
Onygenales_sp._PD_40_PD_40	F442B00A_007227-T1	Eurotiomycetes	Onygenales	195	1.7e-19	69.2	5	94	fungi5k
Ophidiomyces_ophidiicola_CBS_122913	F21F77AF_000302-T1	Eurotiomycetes	Onygenales	201	1e-15	56.6	9	93	fungi5k
Ophidiomyces_ophidiicola_CBS_122913	F21F77AF_004389-T1	Eurotiomycetes	Onygenales	210	1.7e-09	36.7	9	92	fungi5k
Paracoccidioides_brasiliensis_Pb18	FD6225C6_003247-T1	Eurotiomycetes	Onygenales	166	2e-16	58.8	18	94	fungi5k
Paracoccidioides_lutzii_Pb01	FE119E8D_000751-T1	Eurotiomycetes	Onygenales	166	3.4e-16	58.2	18	94	fungi5k
Penicilliopsis_zonata_CBS_506.65	FC554CB3_005305-T1	Eurotiomycetes	Eurotiales	225	1.6e-11	43.5	30	94	fungi5k
Penicillium_simplicissimum_A4	F6EA8F79_000720-T1	Eurotiomycetes	Eurotiales	205	1.6e-07	30.8	6	73	fungi5k
Penicillium_sp._MT2_MMC-2018_MT2_MMC-2018	F1852040_006274-T1	Eurotiomycetes	Eurotiales	219	1.6e-06	27.6	5	85	fungi5k
Penicillium_sp._PG106-07D_PG106-07D	FDAFA824_003431-T1	Eurotiomycetes	Eurotiales	211	2.5e-07	30.2	5	73	fungi5k
Penicillium_sp._S1316_R2504	FA68FD6C_006857-T1	Eurotiomycetes	Eurotiales	189	1.3e-10	41.2	25	93	fungi5k
Phaeomoniella_chlamydospora_UCRPC4	F70CCFFC_007270-T1	Eurotiomycetes	Phaeomoniellales	234	6.2e-17	60.8	4	94	fungi5k
Phialophora_macrospora_CBS_273.37	F7EB33BB_009342-T1	Eurotiomycetes	Chaetothyriales	190	6.6e-21	73.8	5	93	fungi5k
Spiromastix_sp._SCSIO_F190_SCSIO_F190	F2446B61_009005-T1	Eurotiomycetes	Onygenales	195	2.9e-20	71.7	5	94	fungi5k
Talaromyces_islandicus_WF-38-12	F25D2633_003596-T1	Eurotiomycetes	Eurotiales	293	4.7e-08	32.6	5	68	fungi5k
Talaromyces_proteolyticus_PMI_201	F41CC00D_007626-T1	Eurotiomycetes	Eurotiales	311	2.9e-06	27.1	4	66	fungi5k
Talaromyces_rugulosus_W13939	F1302C10_004472-T1	Eurotiomycetes	Eurotiales	310	1.5e-06	28.0	5	63	fungi5k
Talaromyces_sp._DC2_DC2	F5EAC02C_004938-T1	Eurotiomycetes	Eurotiales	290	2.9e-08	33.4	4	62	fungi5k
Talaromyces_sp._P118-02_P118-02	F83A6243_001354-T1	Eurotiomycetes	Eurotiales	282	1.2e-06	28.2	4	64	fungi5k
Talaromyces_sp._PF2101_X2403	F9A0557E_002207-T1	Eurotiomycetes	Eurotiales	316	1.5e-06	28.0	5	63	fungi5k
Talaromyces_sp._PF3502_PM2405	F079D37E_001657-T1	Eurotiomycetes	Eurotiales	310	1.4e-06	28.0	5	63	fungi5k
Talaromyces_sp._PM2405_R2405	FC70DBBC_001209-T1	Eurotiomycetes	Eurotiales	316	1.5e-06	28.0	5	63	fungi5k
Talaromyces_sp._PX2406_PL2406	FABD83E9_001919-T1	Eurotiomycetes	Eurotiales	299	1.5e-06	28.0	5	63	fungi5k
Talaromyces_sp._R2405_R2412	F8D3E540_000614-T1	Eurotiomycetes	Eurotiales	299	1.5e-06	28.0	5	63	fungi5k
Talaromyces_sp._X2403_PX2406	F4148206_002667-T1	Eurotiomycetes	Eurotiales	316	1.5e-06	28.0	5	63	fungi5k
Trichophyton_benhamiae_CBS_112371	F3F37487_005367-T1	Eurotiomycetes	Onygenales	322	9e-08	31.2	23	91	fungi5k
Trichophyton_benhamiae_CBS_112371	F3F37487_006642-T1	Eurotiomycetes	Onygenales	210	2.7e-20	71.3	5	94	fungi5k
Trichophyton_equinum_CBS_127.97	F299D803_000023-T1	Eurotiomycetes	Onygenales	310	4.8e-07	28.9	23	91	fungi5k
Trichophyton_equinum_CBS_127.97	F299D803_007050-T1	Eurotiomycetes	Onygenales	212	2e-20	71.8	5	94	fungi5k
Trichophyton_indotineae_TIMM20114	F7B71972_002711-T1	Eurotiomycetes	Onygenales	307	1.8e-12	46.2	17	92	fungi5k
Trichophyton_indotineae_TIMM20114	F7B71972_004327-T1	Eurotiomycetes	Onygenales	212	2e-20	71.8	5	94	fungi5k
Trichophyton_indotineae_TIMM20114	F7B71972_006518-T1	Eurotiomycetes	Onygenales	316	8.8e-08	31.2	23	91	fungi5k
Trichophyton_interdigitale_IGIB-BK-CI04	F7B7E80F_000350-T1	Eurotiomycetes	Onygenales	316	7.8e-08	31.2	23	91	fungi5k
Trichophyton_interdigitale_IGIB-BK-CI04	F7B7E80F_002128-T1	Eurotiomycetes	Onygenales	978	2.3e-19	68.2	5	94	fungi5k
Trichophyton_kuryangei	F003687F_004485-T1	Eurotiomycetes	Onygenales	205	2e-20	71.7	5	94	fungi5k
Trichophyton_kuryangei	F003687F_005608-T1	Eurotiomycetes	Onygenales	319	8.8e-08	31.2	23	91	fungi5k
Trichophyton_kuryangei	F003687F_007244-T1	Eurotiomycetes	Onygenales	306	1e-12	47.1	17	92	fungi5k
Trichophyton_mentagrophytes_D15P127	F8BD6238_001704-T1	Eurotiomycetes	Onygenales	212	2e-20	71.8	5	94	fungi5k
Trichophyton_mentagrophytes_D15P127	F8BD6238_004808-T1	Eurotiomycetes	Onygenales	316	8.9e-08	31.2	23	91	fungi5k
Trichophyton_mentagrophytes_D15P127	F8BD6238_007200-T1	Eurotiomycetes	Onygenales	307	1.9e-12	46.2	17	92	fungi5k
Trichophyton_rubrum_CBS_118892	FF05ADFF_004633-T1	Eurotiomycetes	Onygenales	181	1.4e-07	30.6	5	53	fungi5k
Trichophyton_rubrum_CBS_118892	FF05ADFF_005792-T1	Eurotiomycetes	Onygenales	319	9.1e-08	31.2	23	91	fungi5k
Trichophyton_rubrum_CBS_118892	FF05ADFF_007467-T1	Eurotiomycetes	Onygenales	306	1e-12	47.1	17	92	fungi5k
Trichophyton_schoenleinii_CMCC_F_T2s	FD0B89C4_006695-T1	Eurotiomycetes	Onygenales	212	3e-20	71.2	5	94	fungi5k
Trichophyton_simii_IHEM_4420	F2DA6B58_000157-T1	Eurotiomycetes	Onygenales	212	3e-20	71.2	5	94	fungi5k
Trichophyton_simii_IHEM_4420	F2DA6B58_006295-T1	Eurotiomycetes	Onygenales	317	7.2e-08	31.5	23	91	fungi5k
Trichophyton_soudanense	FF1A1996_004661-T1	Eurotiomycetes	Onygenales	205	2.1e-20	71.7	5	94	fungi5k
Trichophyton_soudanense	FF1A1996_005814-T1	Eurotiomycetes	Onygenales	319	9.1e-08	31.2	23	91	fungi5k
Trichophyton_soudanense	FF1A1996_007485-T1	Eurotiomycetes	Onygenales	306	1e-12	47.1	17	92	fungi5k
Trichophyton_tonsurans_CBS_112818	F2DC8450_000776-T1	Eurotiomycetes	Onygenales	307	9.4e-13	47.2	17	92	fungi5k
Trichophyton_tonsurans_CBS_112818	F2DC8450_002445-T1	Eurotiomycetes	Onygenales	212	2e-20	71.8	5	94	fungi5k
Trichophyton_tonsurans_CBS_112818	F2DC8450_003314-T1	Eurotiomycetes	Onygenales	310	4.6e-07	28.9	23	91	fungi5k
Trichophyton_verrucosum_HKI_0517	FBBAB4BE_004223-T1	Eurotiomycetes	Onygenales	218	5e-11	41.7	5	59	fungi5k
Trichophyton_verrucosum_HKI_0517	FBBAB4BE_005794-T1	Eurotiomycetes	Onygenales	260	6.4e-08	31.7	23	91	fungi5k
Trichophyton_violaceum	F35F2068_004845-T1	Eurotiomycetes	Onygenales	205	2.1e-20	71.7	5	94	fungi5k
Trichophyton_violaceum	F35F2068_006010-T1	Eurotiomycetes	Onygenales	313	8.8e-08	31.3	23	91	fungi5k
Trichophyton_violaceum	F35F2068_007438-T1	Eurotiomycetes	Onygenales	306	1e-12	47.1	17	92	fungi5k
Trichophyton_yaoundei	FD0E68FC_004430-T1	Eurotiomycetes	Onygenales	205	2e-20	71.7	5	94	fungi5k
Trichophyton_yaoundei	FD0E68FC_005558-T1	Eurotiomycetes	Onygenales	313	8.6e-08	31.3	23	91	fungi5k
Trichophyton_yaoundei	FD0E68FC_007271-T1	Eurotiomycetes	Onygenales	285	1.1e-12	46.9	17	92	fungi5k
Uncinocarpus_reesii_1704	F4EA5946_000946-T1	Eurotiomycetes	Onygenales	235	1.9e-14	52.6	18	92	fungi5k
Uncinocarpus_reesii_1704	F4EA5946_003257-T1	Eurotiomycetes	Onygenales	217	1.3e-17	62.7	5	93	fungi5k
Cordyceps_farinosa_MBC_401	F8FB1DB2_006332-T1	Sordariomycetes	Hypocreales	239	6.3e-34	115.5	5	95	fungi5k
Colletotrichum_sp._SAR_10_65_SAR_10_65	FECBD927_010776-T1	Sordariomycetes	Glomerellales	270	1e-29	102.5	5	94	fungi5k
Trichoderma_afroharzianum_Th6	F40F75FA_000607-T1	Sordariomycetes	Hypocreales	281	4.3e-33	112.9	5	95	fungi5k
Mycogone_perniciosa_MgR1	FF794B0D_000558-T1	Sordariomycetes	Hypocreales	250	6.2e-35	118.6	5	95	fungi5k
Hypomontagnella_monticulosa_CLL_205	F7E85F0F_002279-T1	Sordariomycetes	Xylariales	205	2.4e-13	49.8	20	93	fungi5k
Hypomontagnella_monticulosa_CLL_205	F7E85F0F_004613-T1	Sordariomycetes	Xylariales	274	2.6e-33	113.7	5	95	fungi5k
Claviceps_ripicola_JM_7.2	F37E3B92_003195-T1	Sordariomycetes	Hypocreales	275	1.3e-32	110.8	5	94	fungi5k
Schizothecium_conicum_SC1-Ups	F8CEAA5A_004294-T1	Sordariomycetes	Sordariales	360	7.8e-24	83.1	5	91	fungi5k
Schizothecium_conicum_SC1-Ups	F8CEAA5A_005713-T1	Sordariomycetes	Sordariales	187	2.7e-21	75.0	6	94	fungi5k
Schizothecium_conicum_SC1-Ups	F8CEAA5A_010092-T1	Sordariomycetes	Sordariales	220	4.1e-33	112.8	5	93	fungi5k
Fusarium_sp._TH15_TH15	FC9929CE_006195-T1	Sordariomycetes	Hypocreales	261	1.6e-33	114.6	5	94	fungi5k
Fusarium_nepalense_CBS_127943	F4713C6D_003083-T1	Sordariomycetes	Hypocreales	282	1e-32	111.8	6	94	fungi5k
Pseudonectria_buxi_AR2414	F1200940_007968-T1	Sordariomycetes	Hypocreales	261	3.2e-33	112.9	5	95	fungi5k
Fusarium_metavorans_FSSC_6	F8F36391_005490-T1	Sordariomycetes	Hypocreales	272	4.1e-35	119.8	5	94	fungi5k
Apiospora_aurea_CBS_24483	F40622CD_005466-T1	Sordariomycetes	Xylariales	275	6e-28	96.7	5	86	fungi5k
Ophiostoma_piceae_CECT20416	F77C984D_008258-T1	Sordariomycetes	Ophiostomatales	260	6.7e-31	105.5	5	95	fungi5k
Epichloe_elymi_Nfe728	FCBC93E4_001774-T1	Sordariomycetes	Hypocreales	272	1.2e-31	107.7	5	94	fungi5k
Fusarium_ramigenum_NRRL_25208	FDD519FB_011519-T1	Sordariomycetes	Hypocreales	261	1.7e-33	114.6	5	94	fungi5k
Lecanicillium_fungicola	FE977199_002810-T1	Sordariomycetes	Hypocreales	218	1.5e-35	120.9	5	95	fungi5k
Sporothrix_variecibatus_CBS_121960	F43F02A6_005560-T1	Sordariomycetes	Ophiostomatales	250	4.9e-30	102.9	7	94	fungi5k
Claviceps_aff._humidiphila_group_G2b_LM81	F9B1C0B1_005016-T1	Sordariomycetes	Hypocreales	280	2e-32	110.3	5	94	fungi5k
Sporothrix_humicola_CBS_118129	F19C5E88_001653-T1	Sordariomycetes	Ophiostomatales	154	1.9e-06	27.4	10	54	fungi5k
Sporothrix_humicola_CBS_118129	F19C5E88_004147-T1	Sordariomycetes	Ophiostomatales	245	1.3e-30	104.8	8	94	fungi5k
Colletotrichum_eremochloae_CBS_129661	F940C7CF_001929-T1	Sordariomycetes	Glomerellales	267	7.3e-30	102.6	5	94	fungi5k
Apiospora_marii_CBS_49790	F8C4A3B1_004297-T1	Sordariomycetes	Xylariales	264	1.9e-26	92.0	5	86	fungi5k
Escovopsis_sp._AC_AC	F1806493_002482-T1	Sordariomycetes	Hypocreales	320	1.7e-34	116.7	5	94	fungi5k
Colletotrichum_chrysophilum_AFK26	F623EC89_002454-T1	Sordariomycetes	Glomerellales	270	1e-29	102.5	5	94	fungi5k
Colletotrichum_neosansevieriae_CBS_139918	F91BFB42_002821-T1	Sordariomycetes	Glomerellales	274	2.7e-30	104.1	5	94	fungi5k
Geosmithia_putterillii	FC5E4FC4_003129-T1	Sordariomycetes	Hypocreales	282	3.1e-33	113.0	5	95	fungi5k
Chaetomium_tenue_MPI-SDFR-AT-0079	F2409DB7_006663-T1	Sordariomycetes	Sordariales	245	2.2e-35	120.2	5	95	fungi5k
Colletotrichum_sp._SAR_10_75_SAR_10_75	FFB838DD_009459-T1	Sordariomycetes	Glomerellales	270	1e-29	102.5	5	94	fungi5k
Ophiostoma_ulmi_785401	F239389C_008006-T1	Sordariomycetes	Ophiostomatales	263	3.4e-31	106.4	5	95	fungi5k
Neurospora_sp._CHS-2018c_FGSC_26605	FC061878_007104-T1	Sordariomycetes	Sordariales	268	1.6e-34	117.3	5	94	fungi5k
Fusarium_kyushuense_WFK101	FD0C479A_010694-T1	Sordariomycetes	Hypocreales	282	1e-32	111.7	6	94	fungi5k
Fusarium_transvaalense_NRRL_31008	FDAC5ADA_003318-T1	Sordariomycetes	Hypocreales	282	7.1e-33	112.3	5	94	fungi5k
Pyricularia_pennisetigena_Br36	F6BE5195_001985-T1	Sordariomycetes	Magnaporthales	230	1.9e-22	78.7	7	93	fungi5k
Xylariaceae_sp._FL0662B_FL0662B	FFBEDA42_000186-T1	Sordariomycetes	Xylariales	219	3.3e-30	103.7	5	94	fungi5k
Fusarium_cf._nygamai_EthFoc-DSP1	F6E88BFC_001512-T1	Sordariomycetes	Hypocreales	257	3.4e-30	103.5	13	94	fungi5k
Sarocladiaceae_sp._R1802_R1802	F9E8F4E6_001250-T1	Sordariomycetes	Hypocreales	258	6.5e-30	102.6	5	94	fungi5k
Magnaporthiopsis_poae_ATCC_64411	FA5DA965_004173-T1	Sordariomycetes	Magnaporthales	248	7.8e-26	89.4	5	92	fungi5k
Metarhizium_rileyi_MrS1GZL-1	FFC531DA_002071-T1	Sordariomycetes	Hypocreales	258	2.3e-32	110.2	4	94	fungi5k
Diaporthe_destruens_F3	F312BF1F_002573-T1	Sordariomycetes	Diaporthales	249	2.4e-28	97.9	5	95	fungi5k
Didymella_glomerata_Pj-2	FC4B89E1_004623-T1	Dothideomycetes	Pleosporales	219	2.8e-27	94.2	5	95	fungi5k
Bipolaris_sp._L1-2_L1-2	FC56900F_006053-T1	Dothideomycetes	Pleosporales	192	6.3e-07	28.9	63	93	fungi5k
Curvularia_clavata_yc1106	F4747A5A_004115-T1	Dothideomycetes	Pleosporales	248	3.9e-24	84.1	5	94	fungi5k
Acrocalymma_vagum_A21	F289AF5C_010379-T1	Dothideomycetes	Pleosporales	224	1.4e-26	92.5	5	94	fungi5k
Venturia_carpophila_ZJHZ1-1-1	FE2B5683_000607-T1	Dothideomycetes	Venturiales	223	1.1e-22	79.3	5	93	fungi5k
Lophium_mytilinum_CBS_269.34	F6D49C4F_001600-T1	Dothideomycetes	Mytilinidiales	206	3.3e-14	52.6	17	93	fungi5k
Bogoriella_megaspora_Aptroot_77511_TS-e1943	F78781A8_007992-T1	Dothideomycetes	Trypetheliales	249	1.6e-15	56.5	9	93	fungi5k
Pyrenophora_graminea_CBS_336.29	FCCA4CD8_006342-T1	Dothideomycetes	Pleosporales	216	1.2e-12	47.2	5	69	fungi5k
Westerdykella_sp._P71_P71	F89A20D3_000246-T1	Dothideomycetes	Pleosporales	205	9.6e-31	105.3	5	94	fungi5k
Monilinia_laxa_Mlax316	F8AAB193_001416-T1	Leotiomycetes	Helotiales	232	2.4e-31	107.1	4	94	fungi5k
Botryotinia_globosa_MUCL_444	FE4A835E_009951-T1	Leotiomycetes	Helotiales	211	1.1e-30	105.2	5	94	fungi5k
Bryoglossum_gracile_AWW_858	F6BE9C19_001296-T1	Leotiomycetes	Helotiales	230	1.1e-33	114.9	5	95	fungi5k
Bryoglossum_gracile_AWW_858	F6BE9C19_008108-T1	Leotiomycetes	Helotiales	228	3.6e-12	46.0	24	93	fungi5k
Botrytis_byssoidea_MUCL_94	F5362F83_005645-T1	Leotiomycetes	Helotiales	234	1.6e-30	104.6	5	94	fungi5k
Botrytis_deweyae_B1	F867B3E9_000447-T1	Leotiomycetes	Helotiales	234	1.5e-30	104.8	5	94	fungi5k
Ascocoryne_sarcoides_NRRL_50072	F2293B97_002798-T1	Leotiomycetes	Helotiales	248	5.9e-10	38.6	6	43	fungi5k
Rutstroemia_sp._NJR-2017a_BVV2_NJR-2017a_BVV2	F33D5E14_001442-T1	Leotiomycetes	Helotiales	230	4.7e-30	103.3	5	94	fungi5k
Sclerotinia_borealis_F-4128	F1342BBD_001081-T1	Leotiomycetes	Helotiales	231	1.1e-30	105.0	5	94	fungi5k
Botryotinia_convoluta_MUCL11595	FA281E5A_000639-T1	Leotiomycetes	Helotiales	234	1.8e-30	104.6	5	94	fungi5k
Botrytis_squamosa_MUCL_31421	FE5E5028_003184-T1	Leotiomycetes	Helotiales	234	1.5e-30	104.8	5	94	fungi5k
Botryotinia_calthae_MUCL2830	F6EB27D3_010055-T1	Leotiomycetes	Helotiales	234	1.4e-30	104.9	5	94	fungi5k
Tetracladium_maxilliforme_P2R61M	FE945EF6_008135-T1	Leotiomycetes	Helotiales	242	6.9e-35	118.6	5	95	fungi5k
Neobulgaria_alba_D2031	F8858998_004486-T1	Leotiomycetes	Helotiales	230	1.4e-33	114.3	5	95	fungi5k
Cadophora_malorum_M34	F10A3DEB_000191-T1	Leotiomycetes	Helotiales	219	2.2e-13	50.2	24	93	fungi5k
Botrytis_hyacinthi_Bh0001	F27FA8ED_003076-T1	Leotiomycetes	Helotiales	234	1.9e-30	104.5	5	94	fungi5k
Monilinia_fructicola_Mfrc123	F18A2215_000596-T1	Leotiomycetes	Helotiales	382	2.1e-09	36.8	24	91	fungi5k
Monilinia_fructicola_Mfrc123	F18A2215_002103-T1	Leotiomycetes	Helotiales	232	3e-31	106.9	4	94	fungi5k
Stromatinia_cepivora_JRUF-117	FABC3479_004838-T1	Leotiomycetes	Helotiales	230	1.2e-31	108.3	5	94	fungi5k
Leotiomycetes_sp._MPI-SDFR-AT-0126_MPI-SDFR-AT-0126	F3953D74_002739-T1	Leotiomycetes	Helotiales	238	3.2e-13	49.7	23	93	fungi5k
Leotiomycetes_sp._MPI-SDFR-AT-0126_MPI-SDFR-AT-0126	F3953D74_003855-T1	Leotiomycetes	Helotiales	214	3.2e-17	62.5	12	93	fungi5k
Leotiomycetes_sp._MPI-SDFR-AT-0126_MPI-SDFR-AT-0126	F3953D74_004057-T1	Leotiomycetes	Helotiales	213	2.1e-33	114.4	5	95	fungi5k
Chaetoscypha_palmicola_D792	FCF133E6_006196-T1	Leotiomycetes	Helotiales	232	1.2e-14	53.8	7	94	fungi5k
Chaetoscypha_palmicola_D792	FCF133E6_006307-T1	Leotiomycetes	Helotiales	224	5.8e-28	96.4	7	95	fungi5k
Chaetoscypha_palmicola_D792	FCF133E6_006703-T1	Leotiomycetes	Helotiales	229	1.5e-12	47.0	14	93	fungi5k
Chalara_sp._BL73	FA16E32E_002657-T1	Leotiomycetes	Helotiales	234	1.1e-25	89.8	5	94	fungi5k
Stipitochalara_longipes_BDJ	FCAE9763_008009-T1	Leotiomycetes	Helotiales	226	2.5e-34	117.4	5	95	fungi5k
Hymenoscyphus_scutula_CBS_480.97	FFCFCE70_002534-T1	Leotiomycetes	Helotiales	222	9.4e-17	60.8	6	94	fungi5k
Monilinia_vaccinii-corymbosi_RL-1	FDC2FAC7_005178-T1	Leotiomycetes	Helotiales	236	7.4e-31	105.4	5	94	fungi5k
Ascodesmis_sphaerospora_NRRL_22422	F0635A13_002954-T1	Pezizomycetes	Pezizales	270	3.9e-35	119.8	5	94	fungi5k
Ascodesmis_nigricans_CBS_389.68	F6720CE4_006486-T1	Pezizomycetes	Pezizales	215	5.1e-11	41.5	5	94	fungi5k
Niorma_chrysophthalma_LIQ78TCHR-2	F9872993_008195-T1	Lecanoromycetes	Teloschistales	287	2.2e-17	62.2	5	94	fungi5k
Peltigera_leucophlebia_HD1-Pleu1	FB3D0B8C_000533-T1	Lecanoromycetes	Peltigerales	230	6.6e-15	54.4	6	94	fungi5k
Peltigera_leucophlebia_HD1-Pleu1	FB3D0B8C_005702-T1	Lecanoromycetes	Peltigerales	162	8e-12	44.5	6	92	fungi5k
Xanthomendoza_cf._fulva_LIQ81XMZF-2	F2AC92A6_000615-T1	Lecanoromycetes	Teloschistales	217	3e-19	68.2	5	93	fungi5k
Bacidia_rubella_M-0307710	FEBEA33C_004618-T1	Lecanoromycetes	Lecanorales	287	6.1e-10	38.6	24	94	fungi5k
Caloplaca_aetnensis_LIQ82CAATT	F5CA16A7_008638-T1	Lecanoromycetes	Teloschistales	235	3.6e-18	64.9	5	94	fungi5k
Letrouitia_transgressa_LIQ93LETR	F741EBA0_004487-T1	Lecanoromycetes	Teloschistales	224	2.1e-19	68.7	5	94	fungi5k
Seirophora_lacunosa_LIQ71TLAC	F49C12FE_007255-T1	Lecanoromycetes	Teloschistales	223	7.7e-18	63.6	5	94	fungi5k
Gyalolechia_flavorubescens_KoLRI002931	FC4150B4_006725-T1	Lecanoromycetes	Teloschistales	213	5.2e-18	64.4	5	94	fungi5k
Pseudocyphellaria_aurata_Werth_ST10-01b	FA787783_002798-T1	Lecanoromycetes	Peltigerales	226	7.5e-14	51.2	5	94	fungi5k
Rusavskia_elegans_YAF01	F5327486_007367-T1	Lecanoromycetes	Teloschistales	309	2.3e-06	27.1	5	42	fungi5k
Rusavskia_elegans_YAF01	F5327486_008983-T1	Lecanoromycetes	Teloschistales	205	5.1e-15	54.8	12	94	fungi5k
Rusavskia_elegans_YAF01	F5327486_009208-T1	Lecanoromycetes	Teloschistales	216	2.1e-19	68.9	5	94	fungi5k
