protein_id	species	cluster	cluster_has_t2	unverified	reserved
AO090012000143	A. oryzae RIB40	T2|Q6YF32	1	0	0
AO090020000588	A. oryzae RIB40	T2|Q6YF32	1	0	0
An03g02360	A. niger CBS 513.88	LP|JGI45683	1	0	0
An03g02400	A. niger CBS 513.88	LP|JGI45683	1	0	0
An04g08500	A. niger CBS 513.88	T2|Q6YF32	1	0	0
An15g03800	A. niger CBS 513.88	LP|JGI53462	1	0	0
An01g10940	A. niger CBS 513.88	T2|A0A0A2JK41	1	0	0
An07g03340	A. niger CBS 513.88	T2|Q6YF32	1	1	0
An09g05530	A. niger CBS 513.88	LP|An09g05530	0	0	1
An08g09880	A. niger CBS 513.88	T2|E9FDE9	1	1	0
JGI128530	A. niger ATCC 1015	T2|Q6YF32	1	0	0
JGI35683	A. niger ATCC 1015	T2|A0A0A2JK41	1	0	0
JGI45683	A. niger ATCC 1015	LP|JGI45683	1	0	0
JGI45685	A. niger ATCC 1015	LP|JGI45683	1	0	0
JGI53462	A. niger ATCC 1015	LP|JGI53462	1	0	0
JGI194815	A. niger ATCC 1015	T2|Q6YF32	1	0	0
JGI43184	A. niger ATCC 1015	LP|An09g05530	0	0	1
AN7539.2	E. nidulans FGSC A4	LP|JGI53462	1	0	0
AN8803.2	E. nidulans FGSC A4	T2|Q6YF32	1	0	0
AN6401.2	E. nidulans FGSC A4	LP|AN6401.2	1	1	0
AN8006.2	E. nidulans FGSC A4	LP|JGI45683	1	0	0
AN1837.2	E. nidulans FGSC A4	T2|Q6YF32	1	0	0
AN0940.2	E. nidulans FGSC A4	T2|A0A0A2JK41	1	0	0
AFUA_8G07060	A. fumigatus AF293	T2|Q6YF32	1	0	0
AFUA_5G09580	A. fumigatus AF293	T2|Q6YF32	1	0	0
AFUA_2G14661	A. fumigatus AF293	LP|JGI53462	1	0	0
AFUA_1G17250	A. fumigatus AF293	T2|Q6YF32	1	0	0
AFUA_5G03280	A. fumigatus AF293	LP|ACLA_001890	1	0	0
AFUB_016640	A. fumigatus A1163	T2|Q6YF32	1	0	0
AFUB_057130	A. fumigatus A1163	T2|Q6YF32	1	0	0
AFUB_080740	A. fumigatus A1163	T2|Q6YF32	1	0	0
AFUB_051810	A. fumigatus A1163	LP|ACLA_001890	1	0	0
ATEG_10285	A. terreus NIH 2624	LP|ATEG_10285	0	0	1
ATEG_08089	A. terreus NIH 2624	LP|ACLA_001890	1	0	0
ATEG_07808	A. terreus NIH 2624	LP|JGI53462	1	0	0
ATEG_06492	A. terreus NIH 2624	T2|Q6YF32	1	0	0
ATEG_04730	A. terreus NIH 2624	T2|A0A384JJM8	1	0	0
AFLA_094600	A. flavus NRRL 3357	T2|E9FDE9	1	0	0
AFLA_131460	A. flavus NRRL 3357	LP|JGI53462	1	0	0
AFLA_060780	A. flavus NRRL 3357	LP|AFLA_060780	0	0	1
AFLA_014260	A. flavus NRRL 3357	T2|Q6YF32	1	0	0
AFLA_063080	A. flavus NRRL 3357	LP|AFLA_063080	0	0	1
AFLA_098380	A. flavus NRRL 3357	T2|Q6YF32	1	0	0
AFLA_064900	A. flavus NRRL 3357	T2|E9FDE9	1	0	0
ACLA_001890	A. clavatus NRRL 1	LP|ACLA_001890	1	1	0
ACLA_048810	A. clavatus NRRL 1	T2|Q6YF32	1	1	0
ACLA_010960	A. clavatus NRRL 1	T2|Q6YF32	1	0	0
ACLA_072820	A. clavatus NRRL 1	LP|JGI53462	1	1	0
ACLA_018290	A. clavatus NRRL 1	T2|Q6YF32	1	1	0
ACLA_007980	A. clavatus NRRL 1	T2|E9FDE9	1	1	0
