pfam_acc	protein_id
PF11766	C6_03700W_A
PF11766	C6_04380W_A
PF11766	CR_07070C_A
PF11766	C6_04130C_A
PF11766	C6_03690W_A
PF11766	C3_06190C_A
PF11766	C3_06320W_A
PF11766	C6_03710W_A
PF05792	C6_03700W_A
PF05792	C6_04380W_A
PF05792	CR_07070C_A
PF05792	C6_04130C_A
PF05792	C6_03690W_A
PF05792	C3_06190C_A
PF05792	C3_06320W_A
PF05792	C6_03710W_A
PF11765	C1_13450W_A
PF11765	C5_00730W_A
PF11765	CR_00760C_A
PF11765	CR_03630W_A
PF11765	CR_00610W_A
PF11765	C4_06550C_A
PF11765	C2_09130C_A
PF11765	C5_00710W_A
PF11765	CR_03880W_A
PF11765	C3_00600W_A
