cluster_label,n,median_length,median_pct_ser_thr_pro,mean_hydrophobicity,has_pfam,has_cazy,has_merops,has_signal_peptide,has_tm_helix
-1,645515,329.0,29.961089494163424,-0.15125063244762016,0.3961674012222799,0.19177091159771656,0.006184209507137712,0.7012834713368395,0.11633347017497657
26,4089,1397.0,17.721518987341774,-0.3223768361587414,0.8222059183174371,0.0,0.00024455857177794083,0.0019564685742235266,0.018586451455123502
15,3754,1835.5,27.1684948613374,-0.8347516615507713,0.05061267980820458,0.0007991475759190197,0.0,0.002131060202450719,0.04848161960575386
12,3262,399.0,17.235254486433515,0.19022413756843748,0.0018393623543838135,0.0,0.0,0.00827713059472716,0.0824647455548743
301,2436,283.0,33.55481727574751,-0.06823014237060493,0.12848932676518884,0.00041050903119868636,0.0,0.9741379310344828,0.0016420361247947454
10,1972,1196.0,16.70964026227184,-0.8706507595346448,0.035496957403651115,0.0,0.0005070993914807302,0.0,0.004056795131845842
80,1810,211.5,16.470343680709533,-0.8192550633729837,0.06795580110497237,0.0,0.0,0.967403314917127,0.07955801104972375
25,1769,905.0,7.949790794979079,-0.6934192808253661,1.0,0.0,0.0,0.0011305822498586771,0.009044657998869417
507,1755,622.0,18.27956989247312,-0.20896460188068258,1.0,1.0,0.0,0.9772079772079773,0.9566951566951567
382,1457,369.0,26.89075630252101,-0.08382279534685359,0.0,0.0,0.0,0.9327385037748799,0.4838709677419355
449,1456,411.0,29.24731182795699,-0.28171664381172606,0.13324175824175824,1.0,0.0,0.9842032967032966,0.017170329670329672
461,1405,418.0,27.906976744186046,-0.2949117279183503,1.0,1.0,0.0,0.9843416370106761,0.0007117437722419929
498,1215,565.0,23.23943661971831,-0.2420878998767862,1.0,1.0,0.0,0.9267489711934156,0.006584362139917695
493,1127,687.0,18.867924528301884,-0.41067564178157956,1.0,1.0,0.0,0.0,0.9680567879325643
46,1093,1456.0,13.266998341625207,-0.6997420937952568,1.0,0.0,0.0,0.0,0.4592863677950595
492,1074,521.0,21.88409152293861,-0.07431802717076705,1.0,0.9990689013035382,0.0,0.8491620111731844,0.12476722532588454
351,923,393.0,33.89423076923077,-0.14089810922780857,0.021668472372697724,0.0,0.0,0.9653304442036836,0.0065005417118093175
314,866,185.0,21.164021164021165,-0.04233098490062366,0.0023094688221709007,0.0,0.0,0.9976905311778291,0.04849884526558892
28,792,1360.5,21.320881470389505,-0.38363398345170563,0.027777777777777776,0.013888888888888888,0.0,0.34974747474747475,0.1830808080808081
469,773,228.0,26.431718061674008,-0.37671441325840294,1.0,1.0,0.0,1.0,0.00646830530401035
479,748,246.0,25.225225225225227,-0.08215403288572581,1.0,1.0,0.0,0.9973262032085561,0.03342245989304813
485,748,535.0,28.21969696969697,-0.08433823555669988,1.0,1.0,0.0,0.9893048128342246,0.30080213903743314
210,625,504.0,24.24849699398797,-0.15243782852192447,1.0,1.0,0.0,0.9888,0.0208
118,617,139.0,28.26086956521739,0.185882559794934,0.0,0.0,0.0,1.0,0.0
264,612,430.0,29.9538925718171,-0.05688498227370397,0.0,0.0,0.0,0.9313725490196079,0.11601307189542484
343,598,309.0,30.23952095808383,-0.05278903823239326,0.0,0.0,0.0,0.0,0.4214046822742475
145,594,725.5,25.75658025723729,-0.4505352112091068,0.0,0.0,0.0,0.9006734006734006,0.003367003367003367
291,593,508.0,28.213689482470784,-0.2682654983869696,0.6509274873524452,0.7487352445193929,0.0,0.7470489038785835,0.008431703204047217
510,572,622.0,19.162640901771336,-0.19521253435188737,1.0,1.0,0.0,1.0,1.0
235,554,359.0,36.95052551016542,-0.2951897405393843,0.007220216606498195,0.0018050541516245488,0.0,0.9927797833935018,0.0
347,515,653.0,27.858627858627862,-0.22598107387666225,0.9533980582524272,0.08349514563106795,0.0,0.6951456310679611,0.08737864077669903
502,507,550.0,18.55855855855856,-0.2351362928092719,1.0,1.0,0.0,0.8994082840236687,0.009861932938856016
191,476,201.0,28.841681574239715,-0.33990270995967437,0.0,0.0,0.0,0.976890756302521,0.012605042016806723
385,474,460.5,29.068150208623088,-0.10724264725948948,0.0379746835443038,0.0,0.0,0.9261603375527426,0.0
403,468,528.0,27.0772012446388,-0.3238934348105873,1.0,1.0,0.0,0.9807692307692307,0.0
317,454,139.0,24.63768115942029,0.34194903210590927,0.9955947136563876,0.0,0.0,1.0,0.1299559471365639
499,454,598.0,21.54882154882155,-0.36643813571393524,1.0,1.0,0.0,0.7224669603524229,0.05286343612334802
336,432,251.0,27.845619260362373,0.14130724623476126,0.0,0.0,0.0,0.9722222222222222,0.08333333333333333
430,425,287.0,32.131147540983605,-0.09403426523245281,0.0,0.0,0.0,0.9270588235294117,0.9035294117647059
335,419,273.0,32.85714285714286,-0.19470748171726118,0.9976133651551312,0.0,0.0,0.9976133651551312,0.081145584725537
313,418,252.0,19.43882141250562,-0.34727011281143944,0.9952153110047847,1.0,0.0,0.9401913875598086,0.03110047846889952
412,414,342.0,28.26666666666667,-0.1013896571544286,1.0,0.0,0.0,0.9951690821256038,0.007246376811594203
81,397,279.0,15.27377521613833,-1.7513585611955866,0.04030226700251889,0.0,0.0,1.0,0.0
89,379,456.0,25.0,-0.08622221883075495,0.026385224274406333,0.0,0.0,0.9340369393139841,0.002638522427440633
169,377,887.0,35.73806881243063,-0.5672827296784237,1.0,0.0,0.0,0.9814323607427056,0.0
387,375,168.0,30.81761006289308,0.06597627225997006,0.0,0.0,0.0,0.0,0.23733333333333334
435,361,412.0,22.91105121293801,-0.2973475532297818,0.997229916897507,0.013850415512465374,0.0,0.0,0.23545706371191136
211,339,113.0,32.11009174311927,0.6061914904841265,0.18289085545722714,0.0,0.0,1.0,0.02064896755162242
353,335,224.0,26.14840989399293,-0.28237713801727676,1.0,1.0,0.0,1.0,0.0955223880597015
326,332,337.0,30.80174686882004,-0.2690663213227541,1.0,1.0,0.0,0.9939759036144579,0.018072289156626505
209,331,157.0,37.179487179487175,0.4645984820148503,0.030211480362537766,0.0,0.0,1.0,0.229607250755287
221,330,440.5,32.951945080091534,-0.2709298526203574,0.0030303030303030303,0.0,0.0,0.9242424242424242,0.00909090909090909
223,328,146.0,19.863013698630134,-0.31201745696357847,0.0,0.0,0.0,1.0,0.0
19,311,1959.0,15.937940761636106,-0.14065372644655216,1.0,0.0,0.0,0.0,0.02572347266881029
484,311,1068.0,23.80952380952381,-0.14569218039935505,1.0,1.0,0.0,0.4887459807073955,0.01929260450160772
489,307,627.0,21.39384116693679,-0.5108290043184702,1.0,0.9641693811074918,0.0,0.996742671009772,0.003257328990228013
395,306,152.5,21.935483870967744,-0.10751739422089987,0.013071895424836602,0.0,0.0,1.0,0.0032679738562091504
460,306,235.0,22.97872340425532,-0.23030171692003398,1.0,0.0032679738562091504,0.0,0.9967320261437909,0.0
273,299,314.0,31.93548387096774,0.18825157216609,0.9966555183946488,0.0,0.0,1.0,0.0033444816053511705
167,297,1104.0,21.150592216582066,-0.39398954635720124,0.003367003367003367,0.0,0.0,0.010101010101010102,0.20875420875420875
394,296,148.0,25.67567567567568,0.3248802547926609,0.0,0.0,0.0,1.0,0.02364864864864865
121,288,279.0,28.68525896414343,0.08411073392554669,0.09722222222222222,0.0,0.0,0.9236111111111112,0.22916666666666666
225,288,728.5,31.491170957877088,0.23729721780166843,0.0,0.003472222222222222,0.0,0.8125,0.017361111111111112
470,287,300.0,29.000000000000004,-0.15754355250097024,1.0,1.0,0.0,0.9651567944250871,0.003484320557491289
34,285,559.0,27.889908256880734,-0.06119506622002857,0.0,0.0,0.0,0.9719298245614035,0.0
388,284,494.0,21.840211034313526,-0.08710229906718035,0.007042253521126761,0.0,0.0,0.9823943661971831,0.06690140845070422
368,278,267.0,35.03649635036496,-0.10453014757252976,0.0,0.0,0.0,1.0,0.0035971223021582736
486,278,388.0,27.821522309711288,-0.21807946584768106,1.0,1.0,0.0,0.9532374100719424,0.01079136690647482
14,273,1065.0,16.085271317829456,-0.6752191146478004,0.9926739926739927,0.0,0.0,0.1794871794871795,0.02564102564102564
218,271,277.0,35.65573770491803,0.04279578788364203,0.0,0.0,0.0,0.955719557195572,0.08856088560885608
300,271,668.0,30.294117647058822,-0.38293353882113207,1.0,0.0,0.0,0.992619926199262,0.02214022140221402
246,268,443.0,36.934673366834176,0.0290598784612547,0.0037313432835820895,0.0,0.0,0.0,0.8731343283582089
241,265,1351.0,37.65298776097912,-0.23071323802473098,0.0,0.0,0.0,0.9547169811320755,0.0
92,262,729.5,26.06492980809921,-0.728857789009531,0.0,0.0,0.0,0.9923664122137404,0.4580152671755725
458,255,529.0,25.311942959001783,-0.3233586160760752,0.9725490196078431,0.0,0.0,0.8823529411764706,0.07058823529411765
402,254,578.0,25.50806636593012,-0.08735982674524136,0.9960629921259843,0.0,0.0,0.8818897637795275,0.03543307086614173
39,254,538.5,12.924123495552067,-1.049577841233091,0.007874015748031496,0.0,0.0,0.9803149606299213,0.0
432,253,499.0,31.160896130346234,-0.4406092804655257,1.0,1.0,0.0,0.9644268774703557,0.003952569169960474
414,252,383.0,27.827111857401192,0.07820320481458226,0.003968253968253968,0.0,0.0,0.9761904761904762,0.11904761904761904
198,252,199.0,42.85714285714286,0.09480874220055092,0.007936507936507936,0.0,0.0,1.0,0.0873015873015873
104,251,830.0,33.587786259541986,0.3148701576316339,0.0,0.0,0.0,0.9880478087649402,0.0
172,248,261.0,28.735632183908045,-0.21412987282031742,0.0,0.0,0.0,0.9879032258064516,0.04838709677419355
307,248,928.5,30.07089560246954,-0.3480174811290527,0.33064516129032256,0.0,0.0,0.9959677419354839,0.008064516129032258
155,246,424.5,27.19101123595506,-0.39039326147588543,0.975609756097561,0.0,0.0,0.9959349593495935,0.012195121951219513
393,243,192.0,28.877005347593585,-0.09275869344954463,0.012345679012345678,0.0,0.0,0.9917695473251029,0.17695473251028807
222,240,472.0,27.691278124152888,-0.3812167593540486,0.8291666666666667,0.0,0.0,0.8583333333333333,0.008333333333333333
285,236,164.0,22.22222222222222,-0.30682076284295023,0.0,0.0,0.0,1.0,0.0
100,236,480.0,27.69556025369979,-0.22127004546396847,0.0,0.0,0.0,0.9788135593220338,0.0211864406779661
308,235,850.0,28.688524590163937,-0.30984415975416174,1.0,0.0,0.0,1.0,0.0
67,234,479.5,28.41648590021692,-0.6069615119317915,0.0,0.0,0.0,0.9871794871794872,0.0
448,228,754.0,28.62849533954727,-0.1538387194513278,1.0,0.0,1.0,0.9912280701754386,0.0
203,227,129.0,33.333333333333336,0.32347130246128664,0.0,0.0,0.0,1.0,0.0
130,224,117.0,24.786324786324784,-0.10545153530229047,0.07589285714285714,0.0,0.0,1.0,0.026785714285714284
418,223,329.0,23.18840579710145,-0.11468456271011158,0.0,0.0,0.0,0.4304932735426009,0.0
381,222,191.0,27.979274611398964,-0.24598080002386713,1.0,0.0,0.0,1.0,0.0045045045045045045
177,221,351.0,40.96045197740113,-0.5068860396855953,0.0,0.0,0.0,1.0,0.004524886877828055
404,221,254.0,25.196850393700785,-0.15962525219430618,1.0,1.0,0.0,0.9321266968325792,0.0
263,220,402.0,33.33333333333333,-0.11527019597544898,0.9954545454545455,0.0,0.0,0.9590909090909091,0.01818181818181818
320,219,281.0,28.027681660899653,-0.18131265164839344,0.0,0.0,0.0,0.9863013698630136,0.0045662100456621
463,219,610.0,28.524590163934427,-0.3834422159800642,0.0,1.0,0.0,0.9908675799086758,0.0
398,219,496.0,20.967741935483872,-0.6324101752305066,1.0,1.0,0.0,0.9908675799086758,0.0
115,213,528.0,40.71969696969697,-0.7503010787175247,0.009389671361502348,0.0,0.0,0.004694835680751174,0.9953051643192489
129,210,1130.0,35.03584229390681,-0.6162515905216672,0.0,0.0,0.0,0.9904761904761905,1.0
464,210,577.0,32.69565217391304,0.048391987161850905,0.0,1.0,0.0,0.9809523809523809,0.0
189,209,378.0,44.41340782122904,-0.21448503366412672,0.0,0.0,0.0,0.9952153110047847,0.0
261,209,201.0,22.167487684729068,-0.30507416278143207,0.0,0.0,0.0,0.8277511961722488,0.49760765550239233
389,208,206.0,30.541871921182263,0.13710588098322202,0.0,0.0,0.0,0.9951923076923077,0.057692307692307696
220,206,233.0,36.349112426035504,0.10249663235400591,0.0,0.0,0.0,0.883495145631068,0.024271844660194174
128,205,191.0,35.714285714285715,0.36820862428974444,0.0,0.0,0.0,0.975609756097561,0.8341463414634146
258,205,266.0,32.95454545454545,-0.2680621846667894,0.0,0.0,0.0,0.9902439024390244,0.05365853658536585
271,204,220.0,21.137267904509287,-0.33893289058130066,0.0,0.0,0.0,1.0,0.014705882352941176
494,204,572.0,21.153846153846157,-0.3791778722337479,1.0,1.0,0.0,0.9607843137254902,0.0
411,203,334.0,27.60942760942761,-0.0328736265312563,1.0,0.0,0.0,0.9901477832512315,0.32019704433497537
437,202,842.5,27.861871281138583,-0.1625870800663679,0.8861386138613861,1.0,0.0,1.0,0.1188118811881188
401,201,213.0,28.634361233480178,-0.04352054953044554,0.9850746268656716,0.0,0.0,1.0,0.0
86,200,603.0,44.95909931469596,-0.23061455166555248,0.0,0.0,0.0,0.995,0.0
410,200,380.0,25.721784776902886,-0.4992933635813408,1.0,1.0,0.0,0.99,0.0
195,200,266.0,35.477784540474744,-0.5578482151059645,0.0,0.0,0.0,1.0,0.03
369,200,235.0,33.19838056680162,-0.12148348382699153,0.0,0.0,0.0,1.0,0.02
323,198,866.5,32.25806451612903,-0.5042997919329612,1.0,0.0,0.0,0.9949494949494949,0.0
190,197,250.0,39.53488372093023,-0.12328335388178767,0.0,0.0,0.0,0.9949238578680203,0.47715736040609136
503,196,658.0,19.300911854103344,-0.5021030323219257,1.0,1.0,0.0,0.8316326530612245,0.0
83,196,382.0,28.47879033894865,-0.45458373237353195,0.0,0.0,0.0,0.9897959183673469,0.0
229,196,352.0,30.013404825737265,-0.2855406898463668,0.0,0.0,0.0,1.0,0.0
132,195,373.0,25.066666666666663,-0.3645240084491688,0.0,0.0,0.0,1.0,0.0
204,193,2585.0,33.30724070450098,-0.13415093406367906,1.0,1.0,0.0,0.9896373056994818,0.0
110,193,5735.0,40.00350140056023,-0.19742046002371316,0.3160621761658031,0.0,0.0,0.8963730569948186,0.0051813471502590676
400,193,353.0,30.98159509202454,-0.19542987006716583,0.0,1.0,0.0,1.0,0.0
146,192,325.5,31.95266272189349,-0.07633205817168165,0.0,0.0,0.0,1.0,0.0
390,190,223.0,32.74325885601269,0.26134620984961515,0.0,0.0,0.0,0.9894736842105263,0.1736842105263158
213,188,155.0,29.87012987012987,0.18300394108417048,0.0,0.0,0.0,1.0,0.0
268,187,325.0,30.81570996978852,-0.23188072389013975,0.0,0.0,0.0,1.0,0.0
406,186,555.0,19.43012600229095,-0.360633438822159,1.0,1.0,0.0,0.9946236559139785,0.010752688172043012
272,185,340.0,18.34319526627219,-0.3924630972471087,0.05405405405405406,0.0,0.0,0.9891891891891892,0.0
20,185,1530.0,10.478899952584165,-0.5975636108807959,1.0,0.0,0.0,0.005405405405405406,0.0
266,184,231.0,26.834547566254884,0.055219877981076214,1.0,0.0,0.0,1.0,0.005434782608695652
251,183,239.0,22.88135593220339,-0.2049813154940634,0.0,0.0,0.0,1.0,0.0
31,183,258.0,33.82899628252788,-1.801506562964495,0.0,0.0,0.0,0.9890710382513661,0.0
178,181,952.0,37.68693918245264,-0.816246263220149,0.0,0.0,0.0,0.712707182320442,0.0055248618784530384
344,179,191.0,36.53846153846154,0.3088571220298389,0.2681564245810056,0.0,0.0,1.0,0.22905027932960895
50,179,613.0,29.27272727272727,-0.8106877749084108,0.0,0.0,0.0,0.9720670391061452,0.0
174,178,849.0,33.214285714285715,-0.05948988216551667,0.0,0.0,0.0,0.9887640449438202,0.0
21,178,1538.0,13.287059764075455,-0.6235622279747672,0.9101123595505618,0.0,0.0,0.0,0.0056179775280898875
40,178,458.0,29.742913645352672,-0.37834821462232343,0.0,0.0,0.0,0.9943820224719101,0.0
366,177,212.0,33.944954128440365,-0.14322558232413102,0.9887005649717514,0.0,0.0,1.0,0.0
109,177,890.0,43.87229660144182,-0.16595487675679482,1.0,0.0,0.0,0.847457627118644,0.04519774011299435
216,177,247.0,23.79032258064516,0.029574612449791697,1.0,0.0,0.0,0.9265536723163842,0.4971751412429379
417,176,249.0,20.64777327935223,0.14360120575311958,0.0,0.0,0.0,0.9602272727272727,0.0
193,176,182.0,37.714800443458984,0.22971242995106128,0.0,0.0,0.0,1.0,0.03409090909090909
329,176,193.0,28.865979381443303,0.21395576561211377,1.0,0.0,0.0,1.0,0.0
287,175,141.0,19.86754966887417,-0.28087386186624663,0.0,0.0,0.0,1.0,0.011428571428571429
175,175,1164.0,38.576449912126535,-0.4687232664279491,0.0,0.0,0.0,0.7028571428571428,0.08
333,174,631.0,27.96208530805687,-0.2021454741292752,1.0,1.0,0.0,0.9827586206896551,0.1781609195402299
70,172,351.0,22.797110297110297,-0.38907549213236525,0.0,0.0,0.0,1.0,0.005813953488372093
295,172,312.0,29.790577545431915,-0.16099483961373046,1.0,0.0,0.0,1.0,0.0
452,172,336.0,21.726190476190478,-0.48485056292600803,1.0,0.0,0.0,0.9883720930232558,0.0
78,171,4398.0,37.707722385141736,-0.2682616330489943,0.34502923976608185,0.0,0.0,0.8011695906432749,0.0
431,170,260.0,30.0,-0.4369599113909839,0.0058823529411764705,0.0058823529411764705,0.0,1.0,0.0
58,170,584.0,26.261715617115193,-0.3972257486059873,0.0,0.0,0.0,0.9529411764705882,0.0
162,168,1127.0,23.200859512302287,0.1880703729256807,0.005952380952380952,0.0,0.0,0.9940476190476191,0.9047619047619048
156,165,256.0,35.059760956175296,-0.41061866303248606,0.0,0.0,0.0,0.9939393939393939,0.012121212121212121
82,164,183.0,37.142857142857146,-0.9299034314591388,0.0,0.0,0.0,0.9817073170731707,0.0
196,164,218.0,37.91469194312796,-0.025449427421429995,0.0,0.0,0.0,1.0,0.024390243902439025
282,162,199.5,27.272727272727277,0.21799359302898397,0.9938271604938271,0.0,0.0,1.0,0.012345679012345678
330,162,859.0,33.182552091643004,-0.2610632347797657,0.7839506172839507,1.0,0.0,0.024691358024691357,0.08024691358024691
99,162,350.0,37.06293706293707,0.09526531528658974,0.0,0.0,0.0,0.9938271604938271,0.0
237,160,313.0,34.98349834983499,0.013299815571374687,0.78125,0.0,0.0,0.94375,0.075
79,160,294.5,21.26619628559027,0.047808015083262864,0.0,0.0,0.0,0.94375,0.0125
197,160,356.0,40.56592786694326,-0.4410680341346812,0.0,0.0,0.0,1.0,1.0
186,159,261.0,24.031007751937985,-0.024193270098979484,0.0,0.0,0.0,0.8930817610062893,0.11949685534591195
488,158,515.0,22.99923249859065,-0.18621383124436586,1.0,0.3291139240506329,0.0,1.0,0.0
428,157,204.0,25.853658536585364,-0.25889370021661756,0.0,0.0,0.0,1.0,0.0
215,155,136.0,21.167883211678834,-0.21471449604289713,0.0,0.0,0.0,1.0,0.0
337,154,255.0,35.6,0.0016767438512451617,1.0,0.006493506493506494,0.0,0.9935064935064936,0.0
508,154,601.0,18.302828618968384,-0.4445962213415068,1.0,1.0,0.0,1.0,0.0
284,154,1458.0,20.150816551009946,-0.4238477923354912,1.0,1.0,0.0,0.7142857142857143,0.45454545454545453
490,152,384.0,25.454545454545453,-0.14903925710894517,0.006578947368421052,1.0,0.0,0.993421052631579,0.05921052631578947
243,151,253.0,28.235294117647054,-0.33804587368102096,0.0,0.0,0.0,0.4304635761589404,0.0
149,151,64.0,16.92307692307692,0.31820523227821723,0.033112582781456956,0.0,0.0,1.0,0.033112582781456956
248,150,757.5,33.24009324009324,0.07105348124255992,0.0,0.0,0.0,0.16,0.05333333333333334
231,150,255.0,27.03703703703704,-0.21348326279153113,0.0,0.0,0.0,0.9866666666666667,0.0
233,150,1244.5,46.27540536268417,-0.7196482393376878,0.0,0.0,0.0,1.0,0.0
224,148,276.0,30.18181818181818,0.05815650051837709,0.0,0.0,0.0,1.0,0.0
252,148,941.5,43.10988842825742,-0.18297017419931424,0.0,0.0,0.0,0.9864864864864865,1.0
87,148,365.0,34.97159090909091,-0.5009792614939291,0.0,0.0,0.0,0.9391891891891891,0.02027027027027027
16,147,325.0,20.85308056872038,-0.22858609948668068,0.0,0.0,0.0,0.0,0.02040816326530612
64,146,456.0,37.01418067226891,-0.3056678069490666,0.00684931506849315,0.0,0.0,0.952054794520548,0.0410958904109589
312,146,262.0,24.150943396226417,-0.4308416717755508,1.0,1.0,0.0,0.9726027397260274,0.00684931506849315
182,146,201.0,29.7029702970297,0.24082750400416972,0.0,0.0,0.0,1.0,0.0
43,146,510.0,19.26108854238071,-1.2258737365065924,0.0,0.0,0.0,0.6712328767123288,0.0136986301369863
370,145,267.0,29.545454545454543,-0.10343790267518767,1.0,0.0,0.0,1.0,0.0
376,144,645.0,32.104454685099846,-0.267342561872384,0.013888888888888888,1.0,0.0,0.9861111111111112,0.14583333333333334
322,144,173.0,29.479768786127167,0.1618125575479962,1.0,0.0,0.0,1.0,0.0
298,143,251.0,30.29045643153527,-0.097808232869297,1.0,0.04195804195804196,0.0,1.0,0.013986013986013986
142,142,373.0,31.865284974093264,-0.3276724396950657,0.0,0.0,0.0,0.9929577464788732,0.007042253521126761
421,142,263.0,24.528301886792452,-0.22702823723664467,0.0,0.0,0.0,1.0,0.0
289,141,853.0,27.75423728813559,-0.21479621551205189,1.0,0.9929078014184397,0.0070921985815602835,0.014184397163120567,0.0
294,141,722.0,28.41068917018284,-0.3610210823817558,0.9929078014184397,0.0,0.0,0.9858156028368794,0.0070921985815602835
35,141,437.0,24.14578587699317,-0.7313132586461214,0.6170212765957447,0.0,0.0,0.9929078014184397,0.014184397163120567
116,141,624.0,37.2168284789644,-0.1369165440460896,0.5673758865248227,0.0,0.0,0.5035460992907801,0.20567375886524822
439,140,498.0,25.946969696969692,-0.35109014878912026,1.0,0.0,0.0,0.95,0.007142857142857143
509,139,584.0,19.55017301038062,-0.30398887278712083,1.0,1.0,0.0,0.9928057553956835,0.0
30,139,1330.0,16.84511063526053,0.29755307511408835,0.0,0.0,0.0,1.0,0.0
208,137,383.0,19.469026548672566,-0.45062755042722713,0.30656934306569344,0.0072992700729927005,0.0,0.3795620437956204,0.0072992700729927005
192,137,211.0,21.42857142857143,-0.2662231084451082,1.0,0.0,0.0,1.0,0.0
275,136,210.0,29.851485148514854,0.0755104541076542,0.5735294117647058,0.0,0.0,0.9779411764705882,0.029411764705882353
415,136,238.0,29.55959915611814,0.2532047853854092,0.36764705882352944,0.0,0.0,1.0,0.20588235294117646
475,135,445.0,20.85201793721973,-0.2601449846735702,1.0,1.0,0.0,0.9629629629629629,0.0
356,135,187.0,16.666666666666668,-0.11288557467618825,0.9777777777777777,0.9851851851851852,0.0,0.9259259259259259,0.0
143,135,287.0,35.80786026200873,-0.024524442767951026,0.0,0.0,0.0,0.9925925925925926,0.0
44,135,1334.0,10.06993006993007,-1.5704052339622363,0.0,0.0,0.0,0.007407407407407408,0.022222222222222223
232,135,666.0,40.81920903954802,-0.5485880131855556,0.0,0.0,0.0,1.0,0.0
497,135,616.0,17.810457516339866,-0.327198253475589,1.0,0.9925925925925926,0.0,0.9555555555555556,0.0
473,134,220.0,24.545454545454547,-0.14343847388214598,0.0,1.0,0.0,0.9925373134328358,0.0
399,134,371.0,28.763440860215052,-0.2816670616879011,1.0,1.0,0.0,0.9776119402985075,0.0
433,134,480.5,35.269123708580906,-0.25550867621412815,1.0,1.0,0.0,0.7388059701492538,0.0
315,133,198.0,31.12244897959184,0.13942910555306373,0.0,0.0,0.0,1.0,0.015037593984962405
119,132,278.0,38.51851851851852,-0.3939979913126213,0.0,0.0,0.0,1.0,0.0
318,132,179.0,21.354166666666668,0.06940018894637441,0.9924242424242424,0.0,0.0,0.9545454545454546,0.17424242424242425
355,130,325.0,21.686746987951807,-0.26358890778910493,1.0,1.0,0.0,1.0,0.0
506,129,607.0,18.81188118811881,-0.16471868645134705,1.0,1.0,0.0,1.0,0.24031007751937986
103,128,268.5,26.91535372258264,-0.26207175632372237,0.0,0.0,0.0,0.9765625,0.21875
280,128,96.0,22.916666666666668,-0.03333182626696715,0.0,0.0,0.0,1.0,0.0
183,127,515.0,44.54545454545455,-0.4097810178952587,0.0,0.0,0.0,0.9921259842519685,0.0
4,126,149.0,17.449664429530202,-0.4122033727898941,0.0,0.0,0.0,0.9920634920634921,0.0
185,126,298.0,35.01683501683502,-0.04762689777908826,0.11904761904761904,0.0,0.0,1.0,0.047619047619047616
194,125,181.0,31.36094674556213,-0.24237905478421384,0.0,0.0,0.0,1.0,0.584
74,124,237.0,34.11917528052623,0.21066492063381106,0.0,0.0,0.0,1.0,0.7258064516129032
77,124,1642.5,31.76918199112238,-0.4228782338676027,0.024193548387096774,0.0,0.0,0.7258064516129032,0.0
187,123,415.0,24.71131639722864,-0.7821524703364817,0.0,1.0,0.0,0.9105691056910569,0.0
359,123,233.0,43.91304347826087,-0.27969459421479026,0.6178861788617886,0.0,0.0,1.0,0.0
141,123,732.0,29.155672823219,-0.20892706964320792,0.0,0.0,0.0,0.991869918699187,0.0
48,123,531.0,10.655737704918034,-0.8309060736519278,0.008130081300813009,0.0,0.0,1.0,0.0
124,122,333.0,41.74174174174174,-0.06029347965730631,0.0,0.0,0.0,1.0,0.0
159,122,628.0,26.67199148029819,-0.15878497729345364,0.0,0.0,0.0,0.02459016393442623,0.00819672131147541
151,121,1126.0,45.07575757575758,-0.13617616814095151,0.0,0.0,0.0,0.9834710743801653,0.9669421487603306
0,119,120.0,42.6829268292683,-0.9817001592397715,0.0,0.0,0.0,0.0,0.0
120,119,201.0,36.04060913705584,0.015196359086687464,0.0,0.0,0.0,1.0,0.0
91,119,560.0,21.25,-0.35408087991190845,0.23529411764705882,0.0,0.0,0.9915966386554622,0.0
176,119,230.0,39.63963963963964,-0.0587465166152296,0.0,0.0,0.0,0.9663865546218487,0.0
360,118,162.0,24.69135802469136,0.22575154286885232,0.0,0.0,0.0,1.0,0.025423728813559324
255,118,385.0,30.604629911666155,-0.22205900952581936,0.0,0.0,0.0,1.0,0.0
56,117,233.0,23.55555555555556,-0.2276553094848098,1.0,0.0,0.0,1.0,0.0
23,117,254.0,20.37037037037037,0.006903632425131447,0.0,0.0,0.0,1.0,0.0
297,116,222.0,30.630630630630638,-0.01327681431265864,0.008620689655172414,0.008620689655172414,0.0,0.9913793103448276,0.5948275862068966
59,115,689.0,36.20689655172414,-0.7436221056590573,0.043478260869565216,0.0,0.0,0.34782608695652173,0.11304347826086956
63,115,227.0,17.77777777777778,-0.19426650613991203,0.9826086956521739,0.0,0.0,0.0,0.0
122,115,231.0,35.064935064935064,-0.1604473304316605,0.0,0.0,0.0,0.991304347826087,0.13043478260869565
161,114,116.0,18.26086956521739,-0.38809554145409575,0.0,0.0,0.0,1.0,0.02631578947368421
259,114,228.0,29.82456140350877,-0.21413963479881032,1.0,0.0,0.0,0.9912280701754386,0.0
126,114,149.0,26.245143058989754,0.5479476985449969,0.9736842105263158,0.0,0.0,1.0,0.0
325,114,258.0,27.309236947791163,0.0814752558635204,1.0,0.0,1.0,0.8421052631578947,0.5614035087719298
18,114,592.0,14.773110661268557,0.046727139267272184,0.0,0.0,0.0,0.9912280701754386,0.03508771929824561
496,114,619.0,23.712263848178182,-0.17481124536375886,1.0,1.0,0.0,0.0,1.0
157,113,172.0,30.813953488372093,-0.10565348327754323,0.0,0.0,0.0,0.9911504424778761,0.0
1,112,408.0,36.16711858607121,-1.7273559897975623,0.008928571428571428,0.0,0.0,0.0,0.0
405,111,203.0,25.0,-0.09602962789548715,0.0,0.0,0.0,1.0,0.0
171,110,346.0,24.566473988439306,-0.07479059067678248,0.0,0.0,0.0,1.0,0.05454545454545454
206,110,263.0,27.671630471245425,-0.4330129062692535,0.0,0.0,0.0,0.990909090909091,0.0
407,110,304.0,23.66642958748222,-0.4474787718059653,0.9727272727272728,0.06363636363636363,0.0,0.9545454545454546,0.0
250,110,274.0,21.897810218978105,0.07144427957233188,1.0,0.9181818181818182,0.0,0.9727272727272728,0.00909090909090909
440,109,316.0,30.063291139240505,-0.29342538023080966,0.6055045871559633,1.0,0.0,0.9724770642201835,0.0
423,109,200.0,27.77777777777778,0.05783893882166453,0.8807339449541285,0.0,0.0,0.981651376146789,0.21100917431192662
483,108,738.0,22.493224932249323,-0.4320291656886394,1.0,1.0,0.0,0.6203703703703703,0.0
54,108,989.0,20.121951219512198,-0.8129230754957397,0.0,0.0,0.0,0.9907407407407407,0.0
277,108,70.0,20.0,0.5067330865100819,0.0,0.0,0.0,1.0,0.018518518518518517
125,107,249.0,36.585365853658544,-0.2822676310991156,0.0,0.0,0.0,1.0,0.0
158,107,691.0,28.92441860465116,-0.8616559883596431,0.0,0.0,0.0,0.9906542056074766,0.0
466,106,325.0,23.619424054206664,-0.17664475913579789,1.0,1.0,0.0,1.0,0.018867924528301886
212,106,142.0,32.6241134751773,0.5745759127612453,0.0,0.0,0.0,1.0,0.04716981132075472
202,105,190.0,43.68421052631579,0.29436982785639015,0.0,0.0,0.0,1.0,0.0
136,105,834.0,20.451977401129945,-0.5829102684071948,0.9904761904761905,0.0,0.0,0.9619047619047619,0.13333333333333333
392,105,120.0,18.64406779661017,-0.3142823935214342,0.0,0.0,0.0,1.0,0.06666666666666667
47,104,741.0,35.510454189425744,-0.7163570985519319,0.009615384615384616,0.0,0.0,0.9903846153846154,0.0
154,104,245.0,32.22093382807668,-0.26091677555520093,0.9807692307692307,0.0,0.0,0.9230769230769231,0.009615384615384616
76,103,1750.0,25.227410551849605,-0.08939328606514535,0.019417475728155338,0.0,0.0,0.9611650485436893,0.0
450,102,348.0,27.58620689655172,-0.2478642996269339,1.0,1.0,0.0,1.0,0.2647058823529412
327,100,236.0,20.33898305084746,-0.22329361121201063,0.97,1.0,0.0,1.0,0.01
140,100,895.5,36.55457831795066,-0.3180950365678425,0.56,0.0,0.0,1.0,0.0
424,99,228.0,25.43859649122807,0.12413136627920758,0.1111111111111111,0.0,0.0,1.0,0.050505050505050504
93,99,143.0,32.16783216783217,0.03384805271212459,0.0,0.0,0.0,1.0,0.0
462,99,287.0,22.88732394366197,-0.3163358441300956,1.0,1.0,0.0,1.0,0.0
293,98,1179.0,32.15047276396902,-0.40767177030422014,1.0,0.0,0.0,1.0,0.0
478,98,334.0,24.471221872289927,-0.2955294046528484,1.0,1.0,0.0,0.9897959183673469,0.6428571428571429
354,97,134.0,21.481481481481485,-0.028602886068333368,0.0,0.0,0.0,1.0,0.07216494845360824
11,97,600.0,38.75,-0.031182395770094563,0.0,0.0,0.0,1.0,0.0
442,97,485.0,23.78167641325536,-0.3914075852276766,0.9896907216494846,1.0,0.0,0.9896907216494846,0.041237113402061855
270,96,195.0,24.870466321243523,0.001080423279118136,0.0,0.0,0.0,1.0,0.010416666666666666
501,96,664.0,20.88319662946529,-0.5001625992697355,1.0,1.0,0.0,0.6145833333333334,0.0
3,95,1027.0,28.6973555337904,-0.10497703995950075,0.0,0.0,0.0,0.05263157894736842,0.05263157894736842
371,95,249.0,32.66129032258064,0.10123372931550279,1.0,0.0,0.0,1.0,0.010526315789473684
331,94,414.0,24.420289855072465,-0.5229403554059654,1.0,0.9893617021276596,0.0,1.0,0.0
69,93,652.0,47.23926380368098,-0.873322731980424,0.0,0.0,0.0,0.967741935483871,0.0
365,93,244.0,42.64705882352941,-0.03862314454462739,0.8602150537634409,0.0,0.0,0.989247311827957,0.10752688172043011
170,93,544.0,22.463768115942027,-0.21464175819516426,0.989247311827957,0.0,0.0,0.7634408602150538,0.0967741935483871
281,93,88.0,15.909090909090908,-0.24444170399870402,1.0,0.0,0.0,1.0,0.0
249,93,557.0,32.60504201680672,-0.30094073625200335,0.0,0.0,0.0,0.11827956989247312,0.08602150537634409
419,92,213.5,23.630293085373083,-0.02621370075655801,1.0,0.0,0.0,1.0,0.0
262,92,371.0,28.032345013477087,-0.4550160898722059,0.0,0.0,0.0,0.9891304347826086,0.0
409,91,267.0,24.07407407407408,0.06208560960595425,1.0,1.0,0.0,0.989010989010989,0.0
438,91,500.0,27.966101694915253,-0.3109677231220939,1.0,1.0,0.0,0.945054945054945,0.0
226,90,273.0,21.47977270357627,-0.3532099582474237,0.0,0.0,0.0,1.0,0.0
267,90,544.0,22.610294117647054,-0.14045704139165846,1.0,1.0,0.0,0.9666666666666667,0.6444444444444445
207,90,157.0,46.428420830697874,0.23127019101015958,0.0,0.0,0.0,1.0,0.022222222222222223
374,90,989.0,37.781390886276334,-0.18262399674907928,0.8777777777777778,1.0,0.0,0.9111111111111111,0.0
288,90,216.0,24.53703703703704,-0.11401075783661155,0.0,0.0,0.0,1.0,0.022222222222222223
60,89,794.0,29.85658409387223,-0.08375228940856574,0.0,0.0,0.0,0.9438202247191011,0.011235955056179775
468,89,217.0,27.188940092165897,-0.3849913565809445,1.0,1.0,0.0,1.0,0.0
33,89,446.0,7.28476821192053,-1.0703596156288213,0.0,0.0,0.0,0.3258426966292135,0.0
200,88,251.5,40.120062471529906,0.37712024912557224,0.0,0.0,0.0,0.9886363636363636,0.5909090909090909
184,88,338.0,30.418941273779986,-0.07919601825282538,0.0,0.0,0.0,0.8863636363636364,0.45454545454545453
179,88,282.0,27.805048346486682,-0.11329559957259652,0.0,0.0,0.0,0.6136363636363636,0.0
131,88,258.0,35.07020305873281,0.28886966440912687,0.0,0.0,0.0,1.0,0.011363636363636364
234,87,615.0,46.64429530201342,-0.8735992667789276,0.0,0.0,0.0,1.0,0.09195402298850575
283,87,636.0,29.467084639498434,-0.16043647016160664,0.7586206896551724,0.0,0.0,0.9770114942528736,0.06896551724137931
504,86,633.0,19.83640081799591,-0.4188406451820576,1.0,1.0,0.0,0.0,0.0
8,86,1342.0,27.23880597014925,-1.3762190618076102,0.8953488372093024,0.0,0.0,0.0,0.0
413,86,240.0,36.56387665198238,0.10679817727648296,0.6395348837209303,0.0,0.0,1.0,0.046511627906976744
379,85,681.0,35.612535612535616,-0.22299342708242254,1.0,0.0,0.0,0.9882352941176471,0.0
65,85,285.0,23.913043478260867,-0.04706230680166561,0.6941176470588235,0.0,0.0,0.25882352941176473,0.1411764705882353
75,85,654.0,30.534351145038165,-0.4592318844905041,0.0,0.0,0.0,0.9882352941176471,0.9529411764705882
500,85,471.0,21.443736730360936,-0.3698148073198386,1.0,1.0,0.0,0.0,0.0
296,85,319.0,27.58620689655172,-0.22999950982112255,1.0,0.0,0.0,1.0,0.0
228,85,298.0,30.2013422818792,-0.11831202980194024,0.023529411764705882,0.0,0.0,1.0,0.0
349,84,333.0,28.32024224781885,-0.07312461745585593,0.0,0.0,0.0,0.9047619047619048,0.0
57,84,622.5,46.65506356425338,-0.8226316917185817,0.011904761904761904,0.0,0.0,0.9761904761904762,0.011904761904761904
217,84,434.0,31.00632092713914,-0.04564391635115469,1.0,1.0,0.0,0.6547619047619048,0.011904761904761904
480,84,820.0,22.472579398460322,-0.3667322789931025,1.0,0.0,0.0,0.5714285714285714,0.0
254,83,480.0,29.288702928870293,-0.0988890120764065,0.012048192771084338,0.012048192771084338,0.0,0.9879518072289156,0.12048192771084337
244,83,246.0,26.42276422764228,-0.1060941742624454,0.0,0.0,0.0,0.7469879518072289,0.0
41,83,874.0,47.826086956521735,0.09530618500813513,0.0,0.0,0.0,0.8554216867469879,0.0
199,83,150.0,40.66666666666666,0.47228620929629006,0.0,0.0,0.0,1.0,0.012048192771084338
22,83,629.0,22.08955223880597,-0.6249596760107519,1.0,0.0,0.012048192771084338,0.6626506024096386,0.012048192771084338
84,82,211.0,30.602266920611328,-0.31955057883331517,0.0,0.0,0.0,0.0,0.2682926829268293
383,82,373.0,28.188536409516942,-0.3003202435252651,1.0,1.0,0.0,0.9390243902439024,0.0
416,82,327.0,24.307692307692307,0.17073042849173178,0.0,0.0,0.0,1.0,0.0
302,82,559.5,36.275395737255394,-0.5254905315268475,0.024390243902439025,0.0,0.0,1.0,0.0
253,82,1297.0,43.0858806404658,0.07753407153806822,0.0,0.0,0.0,0.8902439024390244,1.0
279,81,320.0,26.204819277108435,-0.23424904387516013,1.0,0.0,0.0,0.9506172839506173,0.0
482,81,375.0,24.07407407407408,-0.06724498399569027,0.1111111111111111,0.1111111111111111,0.0,1.0,0.0
239,81,950.0,36.411889596602975,-0.12080238491821277,0.6666666666666666,0.0,0.0,0.9259259259259259,0.012345679012345678
62,80,145.0,44.34988179669031,-0.2428176057805344,0.0,0.0,0.0,1.0,0.0
358,80,265.0,28.78787878787879,-0.012043380529039718,1.0,0.0,0.0,1.0,0.0875
108,80,180.0,42.69662921348315,0.5997587529491796,0.0,0.0,0.0,1.0,0.0
471,79,345.0,27.53623188405797,-0.03344995909117496,1.0,1.0,0.0,1.0,0.0
396,79,462.0,24.891774891774894,-0.023967605723231335,1.0,1.0,0.0,0.9620253164556962,0.3924050632911392
144,79,228.0,25.43859649122807,0.06045152361073212,0.0,0.0,0.0,1.0,0.0379746835443038
491,78,327.0,24.159021406727827,-0.18347991986550438,1.0,1.0,0.0,1.0,0.07692307692307693
27,78,715.5,8.265204506571777,-0.2517966014522134,0.9871794871794872,0.0,0.0,0.0,0.01282051282051282
188,78,299.5,46.81528662420382,-0.6283490781397809,0.0,0.0,0.0,1.0,0.01282051282051282
286,78,1123.5,31.02028078983286,-0.4743509329568802,0.02564102564102564,0.0,0.0,0.9102564102564102,0.08974358974358974
447,78,151.0,26.974851750854867,-0.11359618949300739,1.0,0.0,0.0,1.0,0.0
339,77,218.0,29.81651376146789,-0.03717319264274022,0.0,0.0,0.0,0.0,0.012987012987012988
52,77,405.0,31.604938271604937,-0.23115509348758728,0.0,0.0,0.0,0.0,0.0
45,76,298.0,18.415467071406546,-0.7049636539432321,0.9868421052631579,0.0,0.0,0.9868421052631579,0.34210526315789475
377,76,790.0,45.44303797468354,-0.09199132772082487,1.0,0.0,0.0,0.9605263157894737,0.0
257,76,190.0,23.498854712041886,-0.05369874805495858,0.0,0.0,0.0,1.0,0.0
427,76,196.0,30.256410256410252,0.01843174847356263,0.0,0.0,0.0,1.0,0.02631578947368421
214,76,1363.0,32.34126105378154,-0.5822729086849244,0.0,0.0,0.0,0.868421052631579,0.0
49,75,256.0,38.52140077821012,-0.13531809426984043,0.0,0.0,0.0,1.0,0.0
454,75,280.0,36.07142857142857,-0.33527120074106437,0.0,0.0,0.0,1.0,0.0
511,75,499.0,19.238476953907814,-0.33692861692592524,1.0,1.0,0.0,0.0,1.0
160,75,720.0,42.71708683473389,-0.14142300358285476,0.0,0.0,0.0,1.0,0.0
90,74,179.0,35.29439457661164,0.17383948168612265,0.0,0.0,0.0,0.0,0.10810810810810811
487,74,818.0,23.97097944377267,-0.24561620880457646,1.0,1.0,0.0,0.9864864864864865,0.02702702702702703
227,74,640.0,30.073899139855275,-0.3672407015217543,0.9459459459459459,0.0,0.0,0.9459459459459459,0.44594594594594594
165,74,549.0,34.91490696713146,-0.303683662838813,1.0,0.0,0.0,1.0,0.0
304,73,667.0,33.23353293413174,-0.14756864025124572,0.0,0.0,0.0,1.0,0.0
386,73,754.0,24.37086092715232,-0.2565036136972994,0.0,0.0,0.0,0.863013698630137,0.0
477,73,328.0,25.0,-0.12896009434075764,1.0,1.0,0.0,1.0,0.5068493150684932
247,73,277.0,28.01556420233463,0.043519193476147515,0.0,0.0,0.0,1.0,0.3287671232876712
434,72,449.0,32.07126948775056,-0.42150018649081133,1.0,1.0,0.0,0.9861111111111112,0.0
380,72,691.0,36.82678311499272,-0.1034963012201003,1.0,0.0,0.0,1.0,0.0
290,72,164.0,22.5609756097561,0.05098263802359281,0.9722222222222222,0.0,0.0,0.0,0.0
135,72,303.0,38.40819656396967,-0.3209687393850355,0.0,0.0,0.0,0.8888888888888888,0.013888888888888888
95,72,575.0,30.50621303131735,-0.31695958512476746,0.0,0.0,0.0,1.0,0.0
350,72,246.0,23.98373983739837,-0.12648374422656705,0.3888888888888889,0.013888888888888888,0.0,1.0,0.027777777777777776
269,71,478.0,31.749460043196542,-0.026669534856193288,1.0,0.0,0.0,0.9859154929577465,0.0
328,71,209.0,36.71497584541063,0.26070245455170643,1.0,0.0,0.0,1.0,0.0
357,71,240.0,39.66942148760331,0.21200315351813118,0.0,0.0,0.0,1.0,0.0
372,71,231.0,35.497835497835496,-0.16764287054163787,1.0,0.0,0.0,1.0,0.0
363,71,191.0,31.937172774869108,-0.4434863142441874,0.0,0.0,0.0,1.0,0.0
230,70,1124.5,29.53629661048666,-0.16880273993528896,1.0,1.0,0.0,0.8857142857142857,0.014285714285714285
453,70,365.0,36.43835616438356,-0.04578775549163616,0.05714285714285714,0.9857142857142858,0.0,1.0,0.014285714285714285
321,70,181.5,29.729729729729726,0.3775440911957596,1.0,0.0,0.0,1.0,0.04285714285714286
481,70,905.0,23.764203343775527,-0.4387529235774381,1.0,0.0,0.0,0.6857142857142857,0.0
102,70,272.0,35.29411764705882,-0.37488423420656775,1.0,0.0,0.0,1.0,0.0
375,69,906.0,31.317494600431964,-0.28316309424723934,0.7681159420289855,1.0,0.0,0.7971014492753623,0.0
166,69,255.0,34.50980392156863,-0.24778064618437845,0.0,0.0,0.0,0.0,0.4057971014492754
338,69,175.0,33.9080459770115,0.31622385405029874,0.5942028985507246,0.0,0.0,1.0,0.42028985507246375
311,69,412.0,37.67772511848341,-0.5997827004850371,1.0,1.0,0.0,0.8405797101449275,0.0
444,69,400.0,27.75,-0.46885444090641265,0.0,1.0,0.0,1.0,0.0
53,68,232.0,37.5,-0.6246548189291304,0.0,0.0,0.0,1.0,0.04411764705882353
94,68,467.0,44.73955507325013,-0.3024024741857045,0.75,0.0,0.0,1.0,0.0
73,68,118.5,17.94871794871795,-0.5631140662459516,0.0,0.0,0.0,1.0,0.04411764705882353
147,68,174.0,38.50574712643678,0.17046309694635808,0.0,0.0,0.0,1.0,0.04411764705882353
455,68,298.0,33.557046979865774,-0.1177710529142883,0.1323529411764706,0.0,0.0,1.0,0.0
219,68,603.0,38.34865924825552,-0.19092569254202713,1.0,0.0,0.0,0.9852941176470589,0.0
362,67,191.0,33.854166666666664,-0.196997274430631,0.0,0.0,0.0,1.0,0.014925373134328358
6,67,594.0,39.53098827470687,0.45629473245752716,1.0,0.0,0.0,0.0,0.014925373134328358
445,67,271.0,28.04428044280443,-0.23165249242871105,0.8805970149253731,0.0,0.0,1.0,0.0
168,67,1630.0,21.69344870210136,-0.6000375383628702,0.5223880597014925,0.0,0.417910447761194,0.0,0.417910447761194
429,67,203.0,30.04926108374384,-0.3525988226397912,0.0,0.0,0.0,1.0,0.0
319,67,262.0,35.632183908045974,0.14236928103851312,1.0,0.0,0.0,1.0,0.0
85,67,214.0,24.8868778280543,-0.36931305415606697,0.0,0.0,0.0,0.9850746268656716,0.0
465,67,575.0,31.82608695652174,-0.16589360283419383,0.0,1.0,0.0,1.0,0.0
378,67,940.0,45.62982005141389,-0.24348931772279625,1.0,0.9850746268656716,0.0,1.0,0.014925373134328358
299,66,273.0,22.710622710622708,0.09734149393891244,0.0,0.0,0.0,0.9696969696969697,0.0
505,66,607.0,21.25205930807249,-0.15400105552712262,1.0,1.0,0.0,1.0,0.3787878787878788
265,66,330.0,25.151515151515152,-0.11808784971498511,1.0,1.0,0.0,1.0,0.0
324,66,317.0,28.638394169164755,-0.1928851829928544,1.0,1.0,0.0,1.0,0.13636363636363635
384,66,157.0,25.796178343949045,0.0369233761429557,0.9848484848484849,0.015151515151515152,0.0,1.0,0.13636363636363635
446,66,260.0,25.193442913997423,-0.30261951364233725,1.0,1.0,0.0,0.9848484848484849,0.0
139,66,247.0,28.0,0.10061760519695172,0.0,0.0,0.0,0.7727272727272727,0.0
97,66,1740.0,54.961526338977585,0.09054776419805025,1.0,0.0,0.0,0.696969696969697,0.16666666666666666
66,65,169.0,44.37869822485207,-0.7077685665186845,0.0,0.0,0.0,1.0,0.0
316,65,216.0,32.87037037037037,-0.3515182428085653,0.0,0.0,0.0,1.0,0.0
164,65,154.0,25.97402597402597,0.268021978021978,1.0,0.0,0.0,0.0,0.0
106,65,146.0,45.890410958904106,-0.06800918368847321,0.0,0.0,0.0,0.9846153846153847,0.0
305,64,842.0,30.58330508992516,-0.4134799779123185,0.03125,0.0,0.0,1.0,0.0
309,64,178.0,32.564324180573095,0.33925487457300874,0.03125,0.0,0.0,1.0,0.25
13,64,215.0,10.827092152393357,-1.040282486952171,0.0,0.0,0.0,1.0,0.0625
88,64,337.0,24.629080118694365,-0.721018591568968,0.0,0.0,0.0,1.0,0.0
397,64,590.0,25.42067358790569,-0.3050589154632145,1.0,1.0,0.0,1.0,0.015625
341,64,216.0,30.555555555555557,-0.06089770255707954,0.0,0.0,0.0,0.90625,0.0
112,64,2471.0,39.41735842138123,-0.02296472688298888,1.0,0.0,0.0,0.96875,0.46875
152,63,276.0,31.407942238267147,-0.044075189737335464,0.0,0.0,0.0,0.9841269841269841,0.0
242,63,219.0,28.31050228310502,-0.19677478826658829,0.0,0.0,0.0,1.0,0.0
332,63,414.0,22.541966426858515,-0.3641269754706995,1.0,1.0,0.0,0.9841269841269841,0.047619047619047616
391,63,234.0,30.76923076923077,0.12230782221611569,0.0,0.0,0.0,0.9841269841269841,0.015873015873015872
173,63,841.0,43.075117370892016,-0.24958427537309688,0.2222222222222222,0.0,0.0,1.0,0.0
278,62,146.0,27.58620689655173,-0.44637633988813213,0.0,0.0,0.0,1.0,0.0
201,62,223.0,42.396313364055295,0.2710727950248105,0.0,0.0,0.0,1.0,0.0
133,62,202.0,29.382499268364064,0.056974000883736824,0.0,0.0,0.0,1.0,0.0
443,62,405.0,28.62387093657924,-0.3652955104451874,0.0,1.0,0.0,1.0,0.0
276,61,274.0,24.542124542124544,0.06265833167863556,0.0,0.0,0.0,0.9180327868852459,0.0
474,61,219.0,19.17808219178082,-0.20836276531313586,0.22950819672131148,1.0,0.0,1.0,0.11475409836065574
42,61,229.0,17.903930131004365,-1.5416742815232654,0.9508196721311475,0.9508196721311475,0.0,1.0,0.0
425,61,528.0,28.59884836852208,-0.20777755882307797,1.0,1.0,0.0,0.8852459016393442,0.0
436,61,413.0,31.961259079903147,-0.27213946153506824,1.0,1.0,0.0,1.0,0.0
340,61,240.0,28.270042194092827,-0.1331233436677287,0.0,0.0,0.0,0.0,0.0
137,61,647.0,31.88180404354588,0.14719833102009813,0.2786885245901639,0.0,0.0,0.8688524590163934,0.5573770491803278
346,61,436.0,28.082191780821915,-0.2820726125750971,1.0,1.0,0.0,1.0,0.0
153,61,547.0,48.08043875685558,-0.5436165285285198,0.0,0.0,0.0,1.0,0.0
352,61,400.0,34.13978494623656,-0.23914414855866126,0.7868852459016393,0.0,0.0,0.9508196721311475,0.0
68,60,182.0,32.98429319371728,-0.19774267761343134,0.0,0.0,0.0,1.0,0.0
123,60,639.0,50.23474178403757,-0.2460937466817029,0.0,0.0,0.0,0.8333333333333334,0.11666666666666667
181,60,184.0,34.42436912050172,-0.11708789611094655,0.0,0.0,0.0,1.0,0.0
451,60,360.5,24.484227893318803,-0.0007895452350159201,1.0,1.0,0.0,1.0,0.0
236,60,506.0,30.4356848024407,-0.0023896748213156783,1.0,1.0,0.0,0.9666666666666667,0.0
105,59,216.0,19.24882629107981,-0.25651057363222446,0.9152542372881356,0.01694915254237288,0.0,1.0,0.0
373,59,203.0,27.751196172248804,0.14087954713032175,0.0,0.0,0.0,0.9152542372881356,0.288135593220339
5,59,301.0,11.333333333333332,-1.2527547052708212,0.0,0.0,0.0,1.0,0.0
61,59,3320.0,49.07468605419696,-0.14682775801957257,0.0,0.0,0.0,1.0,0.0
127,59,148.0,25.0,0.0454245303672374,0.0,0.0,0.0,1.0,0.0
348,59,581.0,30.6368330464716,-0.09380697958243121,0.9830508474576272,0.0,0.0,1.0,0.0
238,59,155.0,24.516129032258068,-0.0843456123564789,1.0,0.0,0.0,0.0,0.0
441,58,311.0,20.287347522074214,-0.5054270955934593,1.0,1.0,0.0,1.0,0.0
420,58,213.0,24.401913875598087,-0.0780244233730699,0.6206896551724138,0.0,0.0,1.0,0.0
150,58,338.0,22.59036144578313,-0.5461628651262876,0.6206896551724138,0.0,0.0,0.9655172413793104,0.0
310,58,208.0,27.272727272727273,0.7811213423515844,1.0,0.0,0.0,1.0,0.0
98,58,191.0,43.91534391534392,-0.1403501105359701,0.0,0.0,0.0,1.0,0.10344827586206896
367,58,270.0,35.76839447289051,0.014063510000348906,0.0,0.0,0.0,1.0,0.0
24,58,632.0,8.871421094461784,-0.4670854829145089,1.0,0.0,0.0,0.0,0.0
111,57,1459.0,39.98744507219084,-0.1008914960679544,1.0,0.0,0.0,0.8421052631578947,0.0
303,57,355.0,27.6056338028169,-0.24080247012338718,0.9824561403508771,0.0,0.0,1.0,0.0
260,57,192.0,35.07853403141361,-0.3030970606915287,1.0,0.0,0.0,1.0,0.0
292,57,736.0,29.387755102040813,-0.17304213516597797,0.8947368421052632,0.0,0.0,1.0,0.0
72,57,228.0,31.40096618357488,-0.10705637171781394,0.0,0.0,0.0,1.0,0.0
426,57,196.0,30.612244897959187,-0.3138745678963433,0.0,0.0,0.0,1.0,0.0
306,57,680.0,28.37837837837838,-0.40031332277399295,0.03508771929824561,0.0,0.0,1.0,0.0
114,57,715.0,39.02097902097902,-0.5558461019845433,0.0,0.0,0.0,0.0,0.9824561403508771
457,57,316.0,30.37974683544304,-0.45179422741327707,1.0,0.0,0.0,1.0,0.0
240,56,432.0,32.95929858429858,-0.16117323903820152,1.0,1.0,0.0,1.0,0.35714285714285715
113,56,292.5,25.352112676056336,-0.1553048527390317,0.0,0.0,0.0,1.0,0.0
96,56,365.0,13.387978142076502,-0.5114703355627485,0.9464285714285714,0.0,0.0,0.9821428571428571,0.875
342,56,246.0,28.861788617886177,0.07756083834514801,0.0,0.0,0.0,0.9464285714285714,0.03571428571428571
274,56,318.0,20.47249171676289,-0.23782627216816077,1.0,0.9821428571428571,0.0,1.0,0.0
361,56,193.0,31.49171270718232,0.12210666407321455,0.0,0.0,0.0,1.0,0.23214285714285715
472,56,952.0,24.98665955176094,-0.22383398380149727,1.0,1.0,0.0,1.0,0.0
117,56,252.0,32.93411742206923,-0.19665893004939397,0.0,0.0,0.0,1.0,0.625
101,56,267.0,36.83186923648441,-0.10418047509141634,1.0,0.0,0.0,1.0,0.03571428571428571
163,56,239.0,25.81967213114754,-0.24485805152606796,0.017857142857142856,0.0,0.0,1.0,0.017857142857142856
205,55,2325.0,34.26966292134831,-0.018220696589631897,1.0,1.0,0.0,0.6545454545454545,0.03636363636363636
456,55,311.0,30.283911671924287,-0.09783950068934115,1.0,0.0,0.0,0.8909090909090909,0.0
71,54,613.0,34.74714518760196,-0.056875030271232516,0.1111111111111111,0.0,0.0,0.9814814814814815,0.07407407407407407
245,54,933.0,39.140769727119455,0.09753382826582709,0.0,0.0,0.0,0.9814814814814815,0.5
7,54,1221.0,54.63159381983196,-0.5196150973139387,0.0,0.0,0.0,0.9444444444444444,0.0
37,54,244.0,35.65573770491803,-0.45293445107434077,0.0,0.0,0.0,0.9629629629629629,0.0
134,54,242.0,34.50413223140497,-0.6070987345774962,0.0,0.0,0.0,1.0,0.0
256,54,232.5,28.997962821492234,0.13031298399791905,0.0,0.0,0.0,1.0,0.42592592592592593
467,54,223.0,27.802690582959645,-0.2863996507309944,1.0,1.0,0.0,1.0,0.3148148148148148
107,54,354.0,21.48865322097024,-0.06818782247235254,0.07407407407407407,0.0,0.0,0.9814814814814815,0.037037037037037035
408,54,269.0,27.5092936802974,0.09795225363307605,1.0,1.0,0.0,1.0,0.0
180,53,220.0,41.36363636363636,0.16379328474693414,1.0,0.0,0.0,1.0,0.05660377358490566
422,53,271.0,27.30627306273063,0.14985857425320748,0.9433962264150944,0.0,0.0,1.0,0.05660377358490566
495,53,576.0,19.96497373029772,-0.3060850705260391,1.0,1.0,0.0,1.0,0.0
459,53,264.0,30.303030303030305,-0.03149506023674813,1.0,0.0,1.0,0.7924528301886793,0.05660377358490566
345,53,225.0,33.63228699551569,0.17679622338612808,1.0,0.0,0.0,1.0,0.0
9,53,239.0,36.9281045751634,-0.26918571516240947,0.0,0.0,0.0,0.0,0.0
334,53,253.0,23.046875,-0.6411957956813644,1.0,0.0,0.0,0.7169811320754716,0.0
29,53,346.0,32.94797687861272,-0.29167232167018853,0.0,0.0,0.0,0.9811320754716981,0.05660377358490566
138,52,1238.5,42.94701114784797,-0.1853625401586639,0.0,0.0,0.0,1.0,0.019230769230769232
148,52,69.0,21.73913043478261,0.2901895206243032,0.0,0.0,0.0,1.0,0.0
476,52,286.0,24.56140350877193,-0.1619561451663625,1.0,1.0,0.0,1.0,0.019230769230769232
2,51,596.0,17.983193277310924,-0.86140198026807,0.0,0.0,0.0,1.0,0.0
364,51,235.0,35.80786026200873,0.011074484522900418,0.9803921568627451,0.0,0.0,1.0,0.0
17,51,456.0,14.61187214611872,0.2793189629360752,0.0,0.0,0.0,1.0,0.058823529411764705
36,51,277.0,25.441696113074208,-0.5832689643285637,1.0,0.0,0.0,1.0,0.0
32,50,620.0,48.64613880742913,0.08755544930011755,0.0,0.0,0.0,1.0,0.0
55,50,651.0,46.24501225902601,-0.45465263310678433,0.0,0.0,0.0,0.98,0.0
51,50,286.0,31.818181818181817,0.055631508485266414,0.0,0.0,0.0,1.0,0.54
38,50,777.0,28.943500162017266,-0.26795979638825024,0.94,0.0,0.94,0.98,0.3
