file	kind	url	sha256	size	last_modified	date_generated	mode	verified
go-basic.obo	http	https://current.geneontology.org/ontology/go-basic.obo	b08d45b268b8c24ccb2513dbbbc7d4df9f6521c099b413f79eb31e06e0fa3bcc	32227785	Sat, 08 Aug 2026 22:27:06 GMT	releases/2026-07-26	strict	2026-10-01
sgd.gaf.gz	http	https://current.geneontology.org/annotations/sgd.gaf.gz	f9c603d5fc358d7a2fa3dc6cd8d354d0723a13e1dfa92e608091d11943d4559e	2602501	Thu, 28 May 2026 21:18:22 GMT	2026-05-21T09:00	strict	2026-10-01
cgd.gaf.gz	http	https://current.geneontology.org/annotations/cgd.gaf.gz	a5d44d9395b2fb7b50822a9175a9488260ddf4eae8600d17d98711bea9adb41b	4601396	Thu, 28 May 2026 21:18:36 GMT	2026-05-21T07:35	strict	2026-10-01
pombase.gaf.gz	http	https://current.geneontology.org/annotations/pombase.gaf.gz	174c236b98191d378bd0f6335625fed6fd33364f9c3095f375b16bedbcd20b1d	1990730	Thu, 28 May 2026 21:18:25 GMT	2026-05-21T08:42	strict	2026-10-01
SCHPO-mod.gaf.gz	http	https://current.geneontology.org/annotations/gaf/SCHPO-mod.gaf.gz	2ac1820b7e62480b97f3de91db4c07cfc033586b2b29a4956f3fdadfb300bc9d	1542262	Sat, 08 Aug 2026 22:15:59 GMT	2026-07-28 16:39	strict	2026-10-01
ASPFU-uniprot.gaf.gz	http	https://current.geneontology.org/annotations/gaf/ASPFU-uniprot.gaf.gz	407a6eef89a6962a28a497924af2152d74bbc7a9304fe558f6fbf0dd5ff096a4	1304170	Sat, 08 Aug 2026 22:16:07 GMT	2026-07-28 19:47	strict	2026-10-01
EMENI-uniprot.gaf.gz	http	https://current.geneontology.org/annotations/gaf/EMENI-uniprot.gaf.gz	e9efa6e27ff4e3784b3aacc0a57076453049577b8cfa604f75c9bd1c05fd95ee	1377233	Sat, 08 Aug 2026 22:15:48 GMT	2026-07-28 19:39	strict	2026-10-01
CRYD1-uniprot.gaf.gz	http	https://current.geneontology.org/annotations/gaf/CRYD1-uniprot.gaf.gz	a7702530d23531375d0c5d8025638eb681e8035f78f2e458d308f76de7447c90	953586	Sat, 08 Aug 2026 22:15:43 GMT	2026-07-28 19:38	strict	2026-10-01
MYCMD-uniprot.gaf.gz	http	https://current.geneontology.org/annotations/gaf/MYCMD-uniprot.gaf.gz	d6ab3b5a0cc94109a398b8e495f51f66a4b2c0f554880685508cbb82fe3c2618	951232	Sat, 08 Aug 2026 22:16:16 GMT	2026-07-28 19:54	strict	2026-10-01
20846.C_neoformans_JEC21.goa	http	https://ftp.ebi.ac.uk/pub/databases/GO/goa/proteomes/20846.C_neoformans_JEC21.goa	851e69c7d16f5c9a4282d4e312eb3e794c739961e3801ce98e6e6ee524290a9a	8984355	Tue, 28 Jul 2026 20:48:14 GMT	2026-07-28	strict	2026-10-01
313589.C_neoformans_var_grubii_H99.goa	http	https://ftp.ebi.ac.uk/pub/databases/GO/goa/proteomes/313589.C_neoformans_var_grubii_H99.goa	528ba85cba1c2569dfae5fcaee120c94dcb580ea2edf606a164b07463937509e	6353529	Tue, 28 Jul 2026 20:48:30 GMT	2026-07-28	strict	2026-10-01
orf_trans_all.fasta.gz	http	https://downloads.yeastgenome.org/sequence/S288C_reference/orf_protein/orf_trans_all.fasta.gz	17e8b47e1ae23178c6000fbc4ab548f102d1b250ef9dff5d811feb3f03dd2c5b	2689634	Thu, 13 Jun 2024 22:28:53 GMT	Genome Release 64-5-1	record	2026-10-01
C_albicans_SC5314_A22_current_default_protein.fasta.gz	http	https://www.candidagenome.org/download/sequence/C_albicans_SC5314/Assembly22/current/C_albicans_SC5314_A22_current_default_protein.fasta.gz	cd8da74fab4fbc479572a3e2d75c76c661d0317591360f6f5309248b698ee7ad	1809513	Sun, 27 Sep 2026 03:02:58 GMT	Assembly 22	record	2026-10-01
peptide.fa.gz	http	https://www.pombase.org/data/genome_sequence_and_features/feature_sequences/peptide.fa.gz	76c1eb8212c193ed24143ab2693e19ec7ca9a2f2e9127069098b7409cc9ff2d6	1620472	Thu, 01 Oct 2026 02:43:23 GMT		record	2026-10-01
UP000002530.fasta.gz	uniprot_fasta	https://rest.uniprot.org/uniprotkb/search?query=proteome%3AUP000002530&format=fasta&size=500	7cfae982f8d29b5b7c51ad85541e04c8d78300265e84390bb657b87577fad84c	3211583	not verified	UniProt 2026_03	record	2026-10-01
UP000000560.fasta.gz	uniprot_fasta	https://rest.uniprot.org/uniprotkb/search?query=proteome%3AUP000000560&format=fasta&size=500	ce6b98cb7b74cf3f3da93c175a4aa7858f6d1a33d7056a3efa4182ff80d2ef03	3463564	not verified	UniProt 2026_03	record	2026-10-01
UP000010091.fasta.gz	uniprot_fasta	https://rest.uniprot.org/uniprotkb/search?query=proteome%3AUP000010091&format=fasta&size=500	eadcc23f379f8cca60c99617212b8ac2ae0b15e464e4058a549067dfdfd595af	2594162	not verified	UniProt 2026_03	record	2026-10-01
UP000002149.fasta.gz	uniprot_fasta	https://rest.uniprot.org/uniprotkb/search?query=proteome%3AUP000002149&format=fasta&size=500	d893b06ed5e98b7c65ea17af8c4935c790a793588e43c5f5fda6b29878b86b0e	2407035	not verified	UniProt 2026_03	record	2026-10-01
UP000000561.fasta.gz	uniprot_fasta	https://rest.uniprot.org/uniprotkb/search?query=proteome%3AUP000000561&format=fasta&size=500	b181fadc3185189adb1d2e2cc04c1002ac18b11c2f0aa9df61bfe6934285cf76	2625166	not verified	UniProt 2026_03	record	2026-10-01
